Suburb,Crashes Since 2020,Population (2021 Census),Mobile,DDS,Fixed,Total,Median_Personal_Inc_Weekly,Gender_Ratio_M_F,Vehicles_0,Vehicles_1,Vehicles_2,Vehicles_3,Vehicles_4plus,Total_Vehicles,Percentage no vehicle,Lab_Force_Participation_Pct,Top_Non_AU_Ancestry_Pct,Tram Stops,V-Line Train,Bus Routes,Bus Stops.1,Metro Train,Train Lines,lgaregion,Cameras_Per_1000,Schools_Total,Schools_Govt,Schools_Primary,Schools_Secondary
MILDURA,333.0,34565.0,21.0,8.0,1.0,30.0,681.0,0.9274,990.0,5007.0,4772.0,1500.0,740.0,13007.0,7.6,55.5999984741211,35.5,0.0,0.0,11.0,257.0,,,Mildura,0.87,10,6,5,3
RESERVOIR,645.0,51096.0,17.0,0.0,0.0,17.0,741.0,0.9773,2243.0,8984.0,6182.0,1621.0,852.0,19888.0,11.3,60.0999984741211,19.2,20.0,0.0,12.0,301.0,3.0,1.0,Darebin,0.33,11,8,7,2
ST ALBANS,843.0,38042.0,17.0,0.0,0.0,17.0,491.0,1.0126,1259.0,4820.0,3858.0,1466.0,653.0,12055.0,10.4,48.7000007629395,25.7,0.0,0.0,9.0,127.0,3.0,1.0,Brimbank,0.45,13,10,10,2
HAMILTON,81.0,10346.0,16.0,2.0,0.0,18.0,693.0,0.9218,278.0,1581.0,1532.0,556.0,324.0,4270.0,6.5,56.0,41.1,0.0,0.0,4.0,71.0,,,Southern Grampians,1.74,9,5,4,2
ARARAT,74.0,8500.0,15.0,4.0,0.0,19.0,681.0,1.1373,245.0,1213.0,1088.0,372.0,236.0,3149.0,7.8,48.4000015258789,37.7,0.0,1.0,4.0,60.0,,,Northern Grampians,2.24,6,4,4,2
WANGARATTA,52.0,19214.0,15.0,4.0,0.0,19.0,700.0,0.8893,548.0,3082.0,2846.0,769.0,401.0,7651.0,7.2,55.9000015258789,42.7,0.0,1.0,5.0,113.0,,,Wangaratta,0.99,12,6,7,2
SALE,59.0,14296.0,13.0,5.0,1.0,19.0,701.0,0.9195,416.0,2290.0,2124.0,579.0,282.0,5697.0,7.3,55.0999984741211,40.9,0.0,1.0,8.0,67.0,,,Wellington,1.33,9,5,5,2
WERRIBEE,288.0,50027.0,13.0,4.0,0.0,17.0,760.0,0.9668,1124.0,6681.0,6559.0,1963.0,1036.0,17360.0,6.5,62.0999984741211,25.5,0.0,0.0,15.0,244.0,1.0,1.0,Wyndham,0.34,17,12,10,5
WODONGA,310.0,20259.0,13.0,5.0,1.0,19.0,758.0,0.944,504.0,3058.0,3075.0,952.0,436.0,8025.0,6.3,60.0999984741211,38.7,0.0,1.0,4.0,43.0,,,Darebin,0.94,9,5,4,2
CRAIGIEBURN,267.0,65178.0,12.0,0.0,0.0,12.0,700.0,1.0115,638.0,5995.0,7995.0,2653.0,1364.0,18648.0,3.4,62.5,12.5,0.0,1.0,13.0,200.0,1.0,1.0,Whittlesea,0.18,11,10,7,2
MANSFIELD,59.0,5541.0,12.0,0.0,0.0,12.0,758.0,0.927,81.0,711.0,833.0,326.0,185.0,2134.0,3.8,58.2999992370606,43.1,0.0,0.0,1.0,1.0,,,Unincorporated Vic,2.17,5,2,2,1
MELTON,95.0,7953.0,12.0,1.0,0.0,13.0,539.0,0.9935,286.0,1311.0,899.0,302.0,157.0,2959.0,9.7,45.5999984741211,28.8,0.0,0.0,6.0,59.0,,,Macedon Ranges,1.63,8,4,3,3
PAKENHAM,421.0,54118.0,12.0,5.0,0.0,17.0,783.0,0.9515,660.0,6405.0,7584.0,2300.0,1234.0,18185.0,3.6,65.1999969482422,33.5,0.0,2.0,6.0,150.0,2.0,2.0,Cardinia,0.31,11,8,7,2
SEYMOUR,11.0,6569.0,12.0,6.0,0.0,18.0,633.0,0.9834,229.0,1013.0,884.0,315.0,171.0,2609.0,8.8,51.2999992370606,38.6,0.0,1.0,6.0,52.0,,,Murrindindi,2.74,2,1,0,0
WARRNAMBOOL,274.0,31308.0,12.0,5.0,1.0,18.0,749.0,0.9196,748.0,4801.0,4754.0,1395.0,680.0,12379.0,6.0,60.0999984741211,41.0,0.0,2.0,9.0,164.0,,,Moyne,0.57,10,7,5,3
HORSHAM,81.0,15134.0,11.0,7.0,0.0,18.0,748.0,0.9226,465.0,2419.0,2323.0,740.0,283.0,6229.0,7.5,58.4000015258789,41.2,0.0,0.0,6.0,115.0,,,Horsham,1.19,7,4,3,2
FRANKSTON,76.0,37331.0,11.0,0.0,2.0,13.0,743.0,0.953,1345.0,6384.0,5267.0,1358.0,595.0,14953.0,9.0,58.7000007629395,39.6,0.0,0.0,23.0,214.0,2.0,2.0,Frankston,0.35,15,12,9,3
GOLDEN SQUARE,0.0,9220.0,11.0,1.0,0.0,12.0,721.0,0.8847,228.0,1452.0,1387.0,439.0,193.0,3695.0,6.2,58.7000007629395,42.9,0.0,0.0,4.0,65.0,,,Greater Bendigo,1.3,2,2,2,0
MALVERN EAST,138.0,22296.0,11.0,0.0,4.0,15.0,1060.0,0.952,697.0,3247.0,3098.0,806.0,389.0,8234.0,8.5,67.0999984741211,30.3,38.0,0.0,15.0,87.0,2.0,1.0,Glen Eira,0.67,5,3,4,0
PORTLAND,70.0,10016.0,11.0,0.0,0.0,11.0,617.0,0.9568,255.0,1571.0,1520.0,506.0,222.0,4079.0,6.3,52.0999984741211,43.4,0.0,0.0,3.0,59.0,,,Glenelg,1.1,8,5,5,2
WOLLERT,176.0,24407.0,11.0,1.0,0.0,12.0,843.0,1.0154,136.0,2091.0,3684.0,870.0,354.0,7144.0,1.9,69.3000030517578,19.0,0.0,0.0,4.0,37.0,,,Whittlesea,0.49,6,5,4,2
KANGAROO FLAT,180.0,11328.0,10.0,2.0,0.0,12.0,638.0,0.8937,299.0,1922.0,1588.0,527.0,238.0,4572.0,6.5,50.5,43.6,0.0,1.0,3.0,67.0,,,Greater Bendigo,1.06,4,3,2,1
SUNBURY,27.0,38851.0,10.0,0.0,0.0,10.0,854.0,0.9536,537.0,4213.0,5806.0,2126.0,1294.0,13972.0,3.8,66.4000015258789,37.9,0.0,1.0,9.0,239.0,1.0,1.0,Hume,0.26,14,9,9,3
WARRAGUL,159.0,19856.0,10.0,2.0,0.0,12.0,754.0,0.9091,361.0,2545.0,2978.0,968.0,574.0,7419.0,4.9,59.2999992370606,42.9,0.0,1.0,6.0,85.0,,,Baw Baw,0.6,9,4,4,2
IRYMPLE,1.0,5977.0,9.0,1.0,0.0,10.0,763.0,1.0179,37.0,477.0,825.0,384.0,274.0,2001.0,1.8,62.7999992370606,36.2,0.0,0.0,2.0,21.0,,,Mildura,1.67,5,3,2,1
BAIRNSDALE,184.0,7905.0,9.0,2.0,0.0,11.0,634.0,0.8801,269.0,1352.0,1097.0,348.0,159.0,3218.0,8.4,51.2000007629395,40.7,0.0,1.0,7.0,30.0,,,East Gippsland,1.39,8,4,4,2
HOPPERS CROSSING,790.0,37216.0,9.0,4.0,0.0,13.0,691.0,1.0084,619.0,4294.0,4710.0,1727.0,1053.0,12397.0,5.0,59.7999992370606,22.5,0.0,0.0,12.0,176.0,1.0,1.0,Melton,0.35,9,8,5,1
PRESTON,286.0,33790.0,9.0,0.0,6.0,15.0,872.0,0.9448,1744.0,6449.0,3887.0,951.0,435.0,13475.0,12.9,67.4000015258789,24.0,14.0,0.0,16.0,165.0,2.0,1.0,Darebin,0.44,9,7,6,2
SHEPPARTON,254.0,32067.0,9.0,0.0,1.0,10.0,678.0,0.9496,800.0,4681.0,4190.0,1339.0,680.0,11694.0,6.8,54.0,32.1,0.0,1.0,10.0,272.0,,,Greater Shepparton,0.31,12,7,6,3
SUNSHINE,131.0,9445.0,9.0,0.0,0.0,9.0,706.0,1.0666,403.0,1469.0,1011.0,279.0,119.0,3287.0,12.3,60.5,17.0,0.0,1.0,16.0,94.0,1.0,1.0,Brimbank,0.95,5,4,4,0
SWAN HILL,107.0,11186.0,9.0,0.0,0.0,9.0,754.0,0.9088,319.0,1495.0,1667.0,528.0,253.0,4253.0,7.5,59.7999992370606,37.3,0.0,1.0,3.0,41.0,,,Gannawarra,0.8,7,4,4,2
ALTONA,130.0,11490.0,8.0,1.0,0.0,9.0,947.0,0.9079,417.0,2085.0,1674.0,394.0,182.0,4754.0,8.8,62.7000007629395,32.1,0.0,0.0,4.0,64.0,2.0,1.0,Hobsons Bay,0.78,4,2,2,1
MERNDA,80.0,23369.0,8.0,0.0,0.0,8.0,879.0,0.9587,151.0,2458.0,3535.0,910.0,395.0,7449.0,2.0,71.0,21.0,0.0,0.0,8.0,80.0,1.0,1.0,Nillumbik,0.34,5,3,3,0
PASCOE VALE,172.0,18171.0,8.0,0.0,0.0,8.0,978.0,0.932,545.0,3217.0,2443.0,574.0,274.0,7045.0,7.7,68.0999984741211,21.3,0.0,0.0,7.0,67.0,1.0,1.0,Moreland,0.44,5,4,4,1
PORT MELBOURNE,679.0,17633.0,8.0,1.0,0.0,9.0,1366.0,0.9177,930.0,4152.0,2177.0,353.0,111.0,7724.0,12.0,67.0999984741211,32.6,9.0,0.0,5.0,96.0,,,Melbourne,0.51,3,3,1,1
SOUTH MORANG,177.0,24989.0,8.0,0.0,0.0,8.0,824.0,0.9671,200.0,2268.0,3453.0,1220.0,797.0,7938.0,2.5,69.0,18.8,0.0,0.0,6.0,92.0,3.0,1.0,Whittlesea,0.32,4,2,1,1
BALLARAT,0.0,,7.0,0.0,0.0,7.0,,,,,,,,,,,,0.0,0.0,0.0,0.0,,,Ballarat,,9,5,6,2
BENALLA,96.0,10822.0,7.0,0.0,0.0,7.0,645.0,0.9049,299.0,1725.0,1589.0,554.0,303.0,4468.0,6.7,49.5,42.7,0.0,1.0,3.0,52.0,,,Greater Shepparton,0.65,5,1,1,1
BERWICK,524.0,50298.0,7.0,3.0,0.0,10.0,852.0,0.948,476.0,4733.0,7374.0,2474.0,1414.0,16470.0,2.9,66.9000015258789,29.1,0.0,1.0,16.0,222.0,1.0,1.0,Casey,0.2,12,9,7,3
BUNDOORA,729.0,28068.0,7.0,5.0,1.0,13.0,690.0,1.0303,655.0,3539.0,3724.0,1264.0,697.0,9880.0,6.6,60.9000015258789,18.9,0.0,0.0,16.0,110.0,,,Darebin,0.46,7,4,3,2
ECHUCA,187.0,15056.0,7.0,0.0,1.0,8.0,710.0,0.9183,375.0,2077.0,2186.0,765.0,409.0,5817.0,6.4,56.9000015258789,42.9,0.0,1.0,6.0,64.0,,,Campaspe,0.53,8,5,4,2
EPPING,1114.0,33489.0,7.0,1.0,0.0,8.0,709.0,0.9924,459.0,3580.0,4354.0,1399.0,732.0,10526.0,4.4,60.7000007629395,14.3,0.0,0.0,12.0,164.0,1.0,1.0,Whittlesea,0.24,9,6,5,3
GLENROY,516.0,23792.0,7.0,0.0,0.0,7.0,759.0,1.0,897.0,3846.0,2728.0,641.0,357.0,8467.0,10.6,60.0,16.1,0.0,0.0,7.0,80.0,2.0,1.0,Moreland,0.29,7,5,4,1
GREENVALE,171.0,21274.0,7.0,1.0,0.0,8.0,796.0,0.9961,94.0,1188.0,2860.0,1225.0,889.0,6255.0,1.5,66.0999984741211,20.7,0.0,0.0,3.0,79.0,,,Hume,0.38,6,3,4,1
KEW,806.0,24499.0,6.0,1.0,5.0,12.0,1120.0,0.9251,553.0,3667.0,3398.0,905.0,444.0,8969.0,6.2,63.5999984741211,29.1,72.0,0.0,9.0,70.0,,,Boroondara,0.49,11,1,2,0
KEYSBOROUGH,611.0,30018.0,7.0,1.0,0.0,8.0,728.0,0.9888,338.0,2235.0,4035.0,1538.0,860.0,9009.0,3.8,63.0999984741211,19.0,0.0,0.0,8.0,123.0,,,Greater Dandenong,0.27,6,2,3,0
LANGWARRIN,107.0,23588.0,7.0,0.0,0.0,7.0,868.0,0.9475,219.0,2476.0,3573.0,1304.0,884.0,8449.0,2.6,68.5999984741211,45.0,0.0,0.0,6.0,86.0,,,Frankston,0.3,5,4,4,1
MARYBOROUGH,63.0,8160.0,7.0,0.0,0.0,7.0,511.0,0.9194,277.0,1571.0,1145.0,360.0,190.0,3544.0,7.8,42.7000007629395,45.9,0.0,1.0,5.0,83.0,,,Mount Alexander,0.86,3,1,1,1
MORWELL,139.0,14389.0,7.0,2.0,0.0,9.0,522.0,0.9795,584.0,2494.0,1795.0,511.0,260.0,5649.0,10.3,44.4000015258789,36.3,0.0,1.0,6.0,104.0,,,Latrobe (Vic.),0.63,4,3,3,1
ROSEBUD,232.0,14381.0,7.0,1.0,0.0,8.0,624.0,0.8988,323.0,2426.0,2143.0,644.0,314.0,5855.0,5.5,49.0999984741211,43.2,0.0,0.0,3.0,32.0,,,Mornington Peninsula,0.56,4,2,2,1
BRIGHTON EAST,326.0,16757.0,6.0,1.0,2.0,9.0,1036.0,0.9165,311.0,2052.0,2572.0,685.0,322.0,5948.0,5.2,61.2000007629395,31.4,3.0,0.0,6.0,55.0,,,Glen Eira,0.54,4,2,2,1
ALBERT PARK,280.0,6044.0,6.0,0.0,0.0,6.0,1333.0,0.9021,307.0,1198.0,801.0,144.0,46.0,2489.0,12.3,63.9000015258789,36.6,0.0,0.0,2.0,8.0,,,Port Phillip,0.99,3,3,2,1
ALTONA NORTH,285.0,12962.0,6.0,2.0,2.0,10.0,753.0,0.9316,471.0,1765.0,1711.0,449.0,213.0,4616.0,10.2,56.2999992370606,20.2,0.0,0.0,9.0,106.0,,,Hobsons Bay,0.77,3,1,2,1
CASTLEMAINE,20.0,7506.0,6.0,4.0,0.0,10.0,668.0,1.0056,276.0,1497.0,936.0,271.0,129.0,3111.0,8.9,44.2999992370606,41.2,0.0,1.0,7.0,41.0,,,Mount Alexander,1.33,5,4,4,1
CROYDON,102.0,28608.0,6.0,2.0,1.0,9.0,816.0,0.8907,646.0,4580.0,4360.0,1027.0,615.0,11227.0,5.8,62.2999992370606,37.2,0.0,0.0,13.0,142.0,1.0,1.0,Maroondah,0.31,7,6,5,2
KEILOR DOWNS,7.0,9857.0,6.0,1.0,0.0,7.0,586.0,0.9736,168.0,1004.0,1309.0,538.0,323.0,3343.0,5.0,54.5999984741211,12.5,0.0,0.0,5.0,45.0,,,Brimbank,0.71,4,3,3,1
KERANG,24.0,3960.0,6.0,2.0,0.0,8.0,573.0,0.9285,117.0,628.0,543.0,205.0,115.0,1604.0,7.3,47.0,45.5,0.0,1.0,1.0,1.0,,,Swan Hill,2.02,5,3,3,1
LALOR,0.0,23219.0,6.0,0.0,0.0,6.0,542.0,0.9975,661.0,2875.0,2800.0,971.0,461.0,7767.0,8.5,51.5999984741211,12.5,0.0,0.0,8.0,76.0,1.0,1.0,Whittlesea,0.26,7,6,4,2
NEWBOROUGH,97.0,6886.0,6.0,4.0,0.0,10.0,626.0,0.9202,198.0,1042.0,937.0,345.0,198.0,2724.0,7.3,52.5,40.0,0.0,0.0,5.0,51.0,,,Wellington,1.45,4,3,3,1
NOBLE PARK,0.0,32257.0,6.0,0.0,2.0,8.0,628.0,1.0093,1024.0,4552.0,3517.0,1173.0,566.0,10839.0,9.4,56.7999992370606,12.8,0.0,0.0,7.0,76.0,2.0,1.0,Greater Dandenong,0.25,8,7,5,1
STRATHMORE,0.0,8980.0,6.0,0.0,1.0,7.0,1020.0,0.9969,104.0,903.0,1370.0,417.0,257.0,3052.0,3.4,68.5,25.8,0.0,0.0,3.0,44.0,,,Moonee Valley,0.78,4,3,3,1
SUNSHINE NORTH,280.0,12047.0,6.0,0.0,0.0,6.0,546.0,0.9899,334.0,1346.0,1310.0,516.0,256.0,3770.0,8.9,53.9000015258789,34.1,0.0,0.0,5.0,43.0,,,Brimbank,0.5,5,3,4,0
SUNSHINE WEST,28.0,18552.0,6.0,0.0,0.0,6.0,565.0,1.0218,479.0,2297.0,2159.0,784.0,384.0,6105.0,7.8,53.0999984741211,19.4,0.0,1.0,7.0,88.0,,,Brimbank,0.32,6,3,4,2
TOORAK,415.0,12817.0,6.0,0.0,0.0,6.0,1427.0,0.8684,479.0,2379.0,1760.0,503.0,298.0,5420.0,8.8,59.5,32.0,0.0,0.0,3.0,25.0,1.0,1.0,Stonnington,0.47,4,1,1,0
TRARALGON,262.0,26907.0,6.0,4.0,0.0,10.0,767.0,0.9208,631.0,3927.0,4056.0,1237.0,629.0,10480.0,6.0,59.5999984741211,40.2,0.0,1.0,14.0,125.0,,,Wellington,0.37,8,6,5,2
TULLAMARINE,0.0,6733.0,6.0,3.0,0.0,9.0,726.0,0.98,181.0,1241.0,999.0,237.0,119.0,2776.0,6.5,58.0,22.4,3.0,0.0,7.0,53.0,,,Brimbank,1.34,1,1,1,0
MOUNT WAVERLEY,218.0,35340.0,5.0,0.0,6.0,11.0,810.0,0.9669,530.0,4402.0,5236.0,1508.0,689.0,12363.0,4.3,61.2999992370606,26.7,0.0,0.0,9.0,119.0,2.0,1.0,Monash,0.31,9,7,7,2
ASCOT,0.0,2571.0,5.0,2.0,0.0,7.0,,,,,,,,,,,,0.0,0.0,0.0,0.0,,,Central Goldfields,2.72,0,0,0,0
ASCOT VALE,221.0,15197.0,5.0,0.0,0.0,5.0,1080.0,0.9666,706.0,2727.0,1901.0,401.0,143.0,5882.0,12.0,68.8000030517578,27.0,0.0,0.0,6.0,44.0,1.0,1.0,Maribyrnong,0.33,4,3,3,0
AVENEL,22.0,1112.0,5.0,0.0,0.0,5.0,749.0,0.9681,4.0,138.0,171.0,76.0,54.0,447.0,0.9,60.0999984741211,45.1,0.0,1.0,0.0,0.0,,,Mitchell,4.5,1,1,1,0
BANGHOLME,14.0,749.0,5.0,2.0,0.0,7.0,505.0,0.8622,68.0,243.0,61.0,20.0,24.0,422.0,16.1,22.7000007629395,39.5,0.0,0.0,4.0,13.0,,,Casey,9.35,1,0,0,0
CALIFORNIA GULLY,111.0,4476.0,5.0,0.0,0.0,5.0,588.0,0.8701,122.0,717.0,593.0,193.0,108.0,1739.0,7.0,51.2999992370606,40.6,0.0,0.0,2.0,24.0,,,Loddon,1.12,1,1,1,0
CAROLINE SPRINGS,193.0,24488.0,5.0,4.0,0.0,9.0,823.0,0.9756,193.0,2095.0,3376.0,1151.0,629.0,7443.0,2.6,68.9000015258789,14.1,0.0,0.0,8.0,94.0,,,Brimbank,0.37,8,4,3,2
CARRUM DOWNS,170.0,21976.0,5.0,0.0,1.0,6.0,817.0,0.9527,375.0,3007.0,3286.0,1030.0,500.0,8203.0,4.6,66.8000030517578,36.2,0.0,0.0,5.0,105.0,,,Frankston,0.27,4,3,3,1
CLAYTON,407.0,18988.0,5.0,2.0,2.0,9.0,594.0,1.1601,1019.0,2765.0,1625.0,396.0,208.0,6010.0,17.0,59.9000015258789,24.6,0.0,1.0,17.0,89.0,1.0,1.0,Monash,0.47,3,2,2,1
COBRAM,67.0,6148.0,5.0,4.0,0.0,9.0,598.0,1.0078,175.0,1010.0,808.0,295.0,151.0,2448.0,7.1,48.5999984741211,39.1,0.0,0.0,1.0,1.0,,,Moira,1.46,5,3,2,1
COBURG,354.0,26574.0,5.0,0.0,4.0,9.0,894.0,0.9372,1326.0,4710.0,2942.0,785.0,357.0,10112.0,13.1,68.0999984741211,25.3,47.0,0.0,11.0,100.0,2.0,1.0,Darebin,0.34,10,6,5,3
DROMANA,30.0,6626.0,5.0,1.0,0.0,6.0,677.0,0.9738,110.0,991.0,1109.0,301.0,158.0,2668.0,4.1,51.2999992370606,39.7,0.0,0.0,3.0,16.0,,,Mornington Peninsula,0.91,3,3,1,1
DROUIN,136.0,15287.0,5.0,3.0,0.0,8.0,694.0,0.9117,181.0,1933.0,2325.0,778.0,440.0,5661.0,3.2,57.7000007629395,44.4,0.0,1.0,2.0,48.0,,,Baw Baw,0.52,4,2,2,1
EAGLEHAWK,60.0,5538.0,5.0,0.0,0.0,5.0,629.0,0.9418,181.0,911.0,778.0,302.0,147.0,2306.0,7.8,54.4000015258789,44.5,0.0,1.0,4.0,45.0,,,Loddon,0.9,4,3,3,1
EAST BENDIGO,35.0,2246.0,5.0,0.0,0.0,5.0,715.0,0.9219,82.0,406.0,323.0,90.0,61.0,967.0,8.5,54.5999984741211,40.0,0.0,0.0,2.0,24.0,,,Greater Bendigo,2.23,0,0,0,0
ELWOOD,304.0,15153.0,5.0,0.0,0.0,5.0,1364.0,0.8938,812.0,4009.0,1917.0,319.0,130.0,7186.0,11.3,74.6999969482422,36.7,6.0,0.0,6.0,39.0,,,Port Phillip,0.33,4,2,2,1
ESSENDON,0.0,21240.0,5.0,0.0,0.0,5.0,1067.0,0.9413,763.0,3760.0,2690.0,777.0,455.0,8449.0,9.0,69.0,26.6,32.0,1.0,12.0,95.0,3.0,2.0,Moonee Valley,0.24,6,2,2,3
FAWKNER,333.0,14274.0,5.0,0.0,0.0,5.0,592.0,1.0409,478.0,1929.0,1485.0,470.0,257.0,4615.0,10.4,54.4000015258789,18.5,0.0,0.0,4.0,79.0,1.0,1.0,Hume,0.35,4,3,3,1
GLEN IRIS,38.0,26131.0,5.0,0.0,3.0,8.0,1179.0,0.9261,547.0,3975.0,3803.0,992.0,469.0,9787.0,5.6,68.5999984741211,32.2,54.0,0.0,5.0,50.0,3.0,2.0,Stonnington,0.31,6,2,4,0
GLEN WAVERLEY,620.0,42642.0,5.0,1.0,3.0,9.0,707.0,0.9771,802.0,5086.0,5871.0,1787.0,736.0,14281.0,5.6,57.5999984741211,38.0,0.0,0.0,13.0,171.0,2.0,1.0,Monash,0.21,13,10,8,3
GREENSBOROUGH,0.0,21070.0,5.0,0.0,1.0,6.0,903.0,0.9561,316.0,2513.0,3418.0,923.0,517.0,7685.0,4.1,65.0,33.4,6.0,0.0,9.0,103.0,2.0,1.0,Nillumbik,0.28,7,6,5,1
GROVEDALE,0.0,14869.0,5.0,0.0,1.0,6.0,705.0,0.9148,307.0,2135.0,2230.0,706.0,376.0,5755.0,5.3,59.2000007629395,40.3,0.0,0.0,7.0,83.0,,,Greater Geelong,0.4,5,4,4,1
HIGHTON,11.0,20736.0,5.0,1.0,0.0,6.0,889.0,0.9732,252.0,2203.0,3462.0,943.0,525.0,7387.0,3.4,65.4000015258789,38.4,0.0,0.0,6.0,74.0,,,Greater Geelong,0.29,4,3,3,0
KEILOR,106.0,5906.0,5.0,0.0,0.0,5.0,824.0,0.9651,97.0,517.0,927.0,306.0,249.0,2093.0,4.6,61.0,25.5,0.0,0.0,1.0,32.0,,,Hume,0.85,3,1,2,0
KEILOR PARK,0.0,2684.0,5.0,1.0,0.0,6.0,645.0,0.975,41.0,341.0,424.0,129.0,76.0,1013.0,4.0,55.5,31.7,0.0,0.0,2.0,13.0,,,Brimbank,2.24,0,0,0,0
KENNINGTON,0.0,5880.0,5.0,0.0,0.0,5.0,744.0,0.8638,184.0,997.0,831.0,241.0,109.0,2367.0,7.8,56.9000015258789,43.5,0.0,0.0,4.0,27.0,,,Greater Bendigo,0.85,2,1,2,0
MAFFRA,53.0,5384.0,5.0,0.0,0.0,5.0,669.0,0.9416,92.0,709.0,801.0,342.0,155.0,2103.0,4.4,55.0999984741211,43.6,0.0,0.0,0.0,0.0,,,Wellington,0.93,3,2,2,1
MALVERN,226.0,9929.0,5.0,1.0,0.0,6.0,1326.0,0.8729,333.0,1761.0,1379.0,334.0,151.0,3962.0,8.4,63.4000015258789,36.6,8.0,0.0,0.0,0.0,2.0,2.0,Stonnington,0.6,3,1,2,0
MELTON SOUTH,53.0,11362.0,5.0,0.0,0.0,5.0,568.0,0.9569,285.0,1624.0,1270.0,372.0,166.0,3720.0,7.7,48.9000015258789,24.6,0.0,1.0,8.0,38.0,,,Wyndham,0.44,5,3,3,1
MICKLEHAM,642.0,17452.0,5.0,0.0,0.0,5.0,864.0,1.0156,87.0,1288.0,2535.0,637.0,405.0,4952.0,1.8,68.5999984741211,14.9,0.0,0.0,4.0,47.0,,,Whittlesea,0.29,6,4,4,1
MOUNT ELIZA,76.0,18734.0,5.0,5.0,0.0,10.0,966.0,0.9458,126.0,1385.0,2963.0,1064.0,679.0,6225.0,2.0,62.0999984741211,47.3,0.0,0.0,5.0,31.0,,,Mornington Peninsula,0.53,5,4,4,1
NARRE WARREN,184.0,27689.0,5.0,0.0,1.0,6.0,741.0,0.9927,351.0,2730.0,3817.0,1405.0,743.0,9048.0,3.9,63.2999992370606,22.5,0.0,0.0,13.0,113.0,1.0,1.0,Casey,0.22,8,6,5,1
OAKLEIGH SOUTH,0.0,9851.0,5.0,0.0,1.0,6.0,770.0,0.9917,224.0,1307.0,1426.0,395.0,195.0,3541.0,6.3,63.0999984741211,17.2,0.0,0.0,9.0,73.0,,,Kingston (Vic.),0.61,3,3,2,1
PEARCEDALE,12.0,3867.0,5.0,0.0,0.0,5.0,785.0,1.0321,22.0,196.0,480.0,287.0,280.0,1267.0,1.7,66.6999969482422,45.4,0.0,0.0,2.0,17.0,,,Casey,1.29,1,1,1,0
RED CLIFFS,27.0,5294.0,5.0,2.0,0.0,7.0,674.0,1.0237,107.0,575.0,697.0,312.0,191.0,1876.0,5.7,55.7000007629395,38.8,0.0,0.0,2.0,19.0,,,Mildura,1.32,4,3,3,1
SPRINGVALE,898.0,22174.0,6.0,3.0,0.0,9.0,558.0,1.0597,719.0,2724.0,2257.0,829.0,467.0,7002.0,10.3,53.9000015258789,23.1,0.0,0.0,12.0,84.0,2.0,1.0,Greater Dandenong,0.41,7,4,4,1
STAWELL,25.0,6220.0,5.0,3.0,0.0,8.0,658.0,0.9762,160.0,981.0,885.0,314.0,193.0,2539.0,6.3,52.0,39.9,0.0,0.0,3.0,53.0,,,Northern Grampians,1.29,5,4,3,1
TAYLORS LAKES,4.0,15174.0,5.0,1.0,1.0,7.0,759.0,0.9826,147.0,1054.0,1942.0,1046.0,728.0,4918.0,3.0,64.3000030517578,17.2,0.0,1.0,12.0,64.0,,,Brimbank,0.46,2,2,1,1
TEMPLESTOWE,257.0,16966.0,5.0,2.0,0.0,7.0,781.0,0.9357,166.0,1488.0,2546.0,907.0,550.0,5662.0,2.9,56.7999992370606,23.9,0.0,0.0,13.0,110.0,,,Manningham,0.41,3,2,3,0
THORNBURY,0.0,19005.0,4.0,0.0,2.0,6.0,1042.0,0.913,1148.0,3771.0,2283.0,506.0,207.0,7917.0,14.5,71.1999969482422,29.7,23.0,0.0,6.0,63.0,1.0,1.0,Darebin,0.32,6,5,4,1
TRUGANINA,529.0,36305.0,5.0,2.0,0.0,7.0,887.0,1.1234,188.0,3298.0,4549.0,1134.0,470.0,9634.0,2.0,67.5999984741211,26.2,0.0,0.0,6.0,97.0,,,Melton,0.19,8,6,3,1
WALLAN,156.0,15004.0,5.0,3.0,0.0,8.0,844.0,1.0133,78.0,1214.0,2147.0,851.0,520.0,4811.0,1.6,67.6999969482422,32.8,0.0,1.0,1.0,2.0,,,Macedon Ranges,0.53,2,2,1,1
WHEELERS HILL,419.0,20652.0,5.0,2.0,0.0,7.0,720.0,0.9424,486.0,1980.0,3166.0,1018.0,547.0,7200.0,6.8,53.5,24.8,0.0,0.0,13.0,105.0,,,Monash,0.34,8,6,6,1
BACCHUS MARSH,71.0,7808.0,4.0,0.0,0.0,4.0,771.0,0.9248,194.0,1217.0,1133.0,369.0,200.0,3106.0,6.2,57.5999984741211,39.2,0.0,0.0,2.0,31.0,,,Melton,0.51,5,3,3,1
BRIGHTON,163.0,23252.0,4.0,0.0,1.0,5.0,1259.0,0.8913,449.0,3493.0,3512.0,951.0,491.0,8894.0,5.0,59.4000015258789,37.4,0.0,0.0,12.0,114.0,4.0,1.0,Bayside (Vic.),0.22,8,3,5,1
BRUNSWICK,207.0,24896.0,4.0,0.0,0.0,4.0,1085.0,0.9392,2329.0,5702.0,2201.0,510.0,187.0,10931.0,21.3,74.5,31.1,10.0,0.0,7.0,82.0,3.0,1.0,Moreland,0.16,2,2,0,2
LILYDALE,335.0,17348.0,5.0,0.0,0.0,5.0,798.0,0.9443,290.0,2073.0,2581.0,901.0,648.0,6490.0,4.5,64.5999984741211,43.4,0.0,0.0,10.0,87.0,1.0,1.0,Yarra Ranges,0.29,8,4,3,3
MELTON WEST,0.0,8784.0,5.0,0.0,0.0,5.0,636.0,0.9699,110.0,937.0,1155.0,436.0,258.0,2892.0,3.8,57.0,31.3,0.0,0.0,7.0,54.0,,,Macedon Ranges,0.57,4,2,3,0
POINT COOK,76.0,66781.0,5.0,2.0,1.0,8.0,969.0,1.0051,483.0,6691.0,9332.0,2389.0,993.0,19883.0,2.4,71.4000015258789,17.4,0.0,0.0,6.0,122.0,,,Wyndham,0.12,10,7,3,2
TORQUAY,136.0,18534.0,5.0,2.0,0.0,7.0,1018.0,0.952,108.0,1779.0,3165.0,835.0,441.0,6323.0,1.7,67.5,43.2,0.0,0.0,4.0,63.0,,,Surf Coast,0.38,4,3,3,1
BALWYN,28.0,13495.0,4.0,0.0,2.0,6.0,850.0,0.8713,358.0,2027.0,1941.0,493.0,217.0,5044.0,7.1,57.7000007629395,34.4,0.0,0.0,5.0,39.0,,,Boroondara,0.44,4,2,1,0
BENTLEIGH EAST,486.0,30159.0,4.0,0.0,1.0,5.0,927.0,0.9604,502.0,3757.0,4761.0,1165.0,535.0,10723.0,4.7,67.1999969482422,23.0,0.0,0.0,9.0,145.0,,,Glen Eira,0.17,5,4,4,1
BLACKBURN SOUTH,15.0,10939.0,4.0,0.0,0.0,4.0,753.0,0.9517,356.0,1388.0,1595.0,407.0,223.0,3972.0,9.0,60.2999992370606,25.1,0.0,0.0,5.0,47.0,,,Whitehorse,0.37,3,2,2,0
BROADFORD,74.0,4592.0,4.0,2.0,0.0,6.0,712.0,0.9948,80.0,530.0,641.0,275.0,220.0,1743.0,4.6,60.7999992370606,42.7,0.0,1.0,0.0,0.0,,,Murrindindi,1.31,2,2,1,1
CAMPBELLS CREEK,29.0,2071.0,4.0,1.0,0.0,5.0,709.0,0.8767,20.0,250.0,341.0,105.0,87.0,804.0,2.5,59.7000007629395,47.3,0.0,0.0,1.0,11.0,,,Hepburn,2.41,2,1,1,0
CHELTENHAM,483.0,23992.0,4.0,0.0,2.0,6.0,924.0,0.9159,649.0,3940.0,3624.0,788.0,364.0,9362.0,6.9,65.3000030517578,32.2,0.0,0.0,13.0,135.0,2.0,1.0,Bayside (Vic.),0.25,6,5,5,1
CLARINDA,9.0,7441.0,4.0,2.0,0.0,6.0,640.0,0.9533,179.0,901.0,941.0,360.0,154.0,2533.0,7.1,54.5999984741211,15.4,0.0,0.0,5.0,35.0,,,Kingston (Vic.),0.81,2,1,1,0
CLYDE,32.0,11177.0,4.0,1.0,0.0,5.0,981.0,0.974,39.0,921.0,1859.0,457.0,210.0,3491.0,1.1,77.4000015258789,20.8,0.0,0.0,5.0,23.0,,,Cardinia,0.45,3,3,2,1
CORIO,358.0,15497.0,4.0,3.0,1.0,8.0,537.0,0.9751,518.0,2239.0,1828.0,587.0,303.0,5482.0,9.4,49.7999992370606,31.9,0.0,1.0,5.0,74.0,,,Greater Geelong,0.52,3,1,1,0
DEER PARK,160.0,18145.0,4.0,0.0,0.0,4.0,619.0,1.0182,329.0,2108.0,2221.0,742.0,357.0,5761.0,5.7,54.7000007629395,13.4,0.0,1.0,8.0,69.0,,,Brimbank,0.22,3,2,3,0
DELAHEY,0.0,8077.0,4.0,0.0,0.0,4.0,611.0,0.9672,158.0,875.0,964.0,413.0,257.0,2663.0,5.9,58.0,12.6,0.0,0.0,4.0,30.0,,,Brimbank,0.5,2,2,1,1
DIGGERS REST,310.0,5669.0,4.0,0.0,0.0,4.0,970.0,1.0074,39.0,636.0,912.0,266.0,182.0,2031.0,1.9,71.1999969482422,26.6,0.0,0.0,2.0,30.0,1.0,1.0,Brimbank,0.71,1,1,1,0
DINGLEY VILLAGE,211.0,10495.0,4.0,2.0,0.0,6.0,799.0,0.9716,114.0,1026.0,1731.0,564.0,294.0,3733.0,3.1,63.0999984741211,32.2,0.0,0.0,5.0,60.0,,,Kingston (Vic.),0.57,2,2,2,0
EAST MELBOURNE,277.0,4896.0,4.0,0.0,4.0,8.0,1532.0,0.9246,452.0,1263.0,539.0,71.0,44.0,2373.0,19.0,69.0,38.1,11.0,0.0,12.0,9.0,2.0,2.0,Melbourne,1.63,0,0,0,0
EILDON,102.0,944.0,4.0,0.0,0.0,4.0,580.0,1.1575,21.0,184.0,157.0,40.0,22.0,423.0,5.0,44.5999984741211,47.4,0.0,0.0,1.0,1.0,,,Mansfield,4.24,1,1,1,0
ELTHAM,123.0,18847.0,4.0,0.0,0.0,4.0,971.0,0.9537,149.0,1801.0,2991.0,970.0,623.0,6536.0,2.3,66.5,40.5,0.0,0.0,7.0,51.0,1.0,1.0,Banyule,0.21,5,3,3,2
EPSOM,73.0,5014.0,4.0,1.0,0.0,5.0,816.0,0.9385,36.0,530.0,800.0,247.0,142.0,1758.0,2.0,67.8000030517578,40.1,0.0,1.0,2.0,36.0,,,Mount Alexander,1.0,1,1,1,0
EUROA,43.0,3508.0,4.0,0.0,0.0,4.0,603.0,0.9301,92.0,524.0,565.0,186.0,103.0,1474.0,6.2,47.0,42.6,0.0,1.0,0.0,0.0,,,Murrindindi,1.14,3,2,2,1
HAMPTON,238.0,13518.0,4.0,0.0,0.0,4.0,1080.0,0.9386,276.0,1834.0,2012.0,559.0,243.0,4925.0,5.6,64.5,40.7,0.0,0.0,6.0,65.0,1.0,1.0,Bayside (Vic.),0.3,3,1,2,0
HEIDELBERG HEIGHTS,0.0,6758.0,4.0,0.0,0.0,4.0,923.0,0.9515,235.0,1180.0,1012.0,206.0,86.0,2723.0,8.6,66.9000015258789,27.3,0.0,0.0,7.0,39.0,,,Banyule,0.59,0,0,0,0
IVANHOE,370.0,13374.0,4.0,0.0,0.0,4.0,1084.0,0.8872,403.0,2243.0,1908.0,469.0,237.0,5265.0,7.7,66.6999969482422,29.6,0.0,0.0,9.0,62.0,2.0,1.0,Banyule,0.3,4,1,2,0
KEILOR EAST,125.0,15078.0,4.0,0.0,0.0,4.0,759.0,0.9377,260.0,1751.0,2369.0,672.0,337.0,5388.0,4.8,58.7999992370606,24.5,0.0,0.0,6.0,63.0,,,Brimbank,0.27,4,2,2,1
KILMORE,91.0,9207.0,4.0,3.0,0.0,7.0,738.0,0.9453,98.0,1144.0,1222.0,506.0,335.0,3305.0,3.0,58.9000015258789,39.0,0.0,0.0,1.0,2.0,,,Macedon Ranges,0.76,3,1,2,1
LEOPOLD,40.0,13272.0,4.0,0.0,0.0,4.0,757.0,0.9413,134.0,1614.0,2109.0,711.0,409.0,4976.0,2.7,62.0,42.2,0.0,0.0,4.0,70.0,,,Greater Geelong,0.3,1,1,1,0
LONG GULLY,0.0,3420.0,4.0,0.0,0.0,4.0,575.0,0.9225,128.0,580.0,444.0,143.0,65.0,1353.0,9.5,46.7999992370606,39.2,0.0,0.0,3.0,15.0,,,Greater Bendigo,1.17,0,0,0,0
LONGFORD,43.0,1489.0,4.0,0.0,0.0,4.0,791.0,1.0666,6.0,71.0,220.0,109.0,85.0,490.0,1.2,67.4000015258789,43.3,0.0,0.0,1.0,6.0,,,Wellington,2.69,1,1,1,0
MACLEOD,1.0,9892.0,4.0,0.0,0.0,4.0,908.0,0.9122,226.0,1553.0,1483.0,379.0,169.0,3820.0,5.9,64.0,31.2,5.0,0.0,3.0,37.0,1.0,1.0,Darebin,0.4,1,1,0,0
MAIDEN GULLY,33.0,5407.0,4.0,0.0,0.0,4.0,897.0,1.0022,11.0,238.0,806.0,375.0,268.0,1701.0,0.6,72.6999969482422,46.6,0.0,0.0,2.0,30.0,,,Mount Alexander,0.74,2,1,1,0
MELBOURNE,723.0,54941.0,3.0,1.0,8.0,12.0,864.0,0.992,16453.0,8909.0,1360.0,147.0,77.0,26941.0,61.1,68.3000030517578,30.5,235.0,1.0,26.0,55.0,5.0,17.0,Melbourne,0.22,7,2,0,3
MILL PARK,0.0,28712.0,4.0,0.0,0.0,4.0,716.0,0.9795,363.0,3108.0,3923.0,1588.0,939.0,9922.0,3.7,62.4000015258789,16.4,2.0,0.0,10.0,150.0,,,Whittlesea,0.14,6,5,5,1
MITCHAM,324.0,16795.0,4.0,0.0,0.0,4.0,911.0,0.9376,393.0,2661.0,2488.0,578.0,301.0,6415.0,6.1,67.4000015258789,29.1,0.0,0.0,10.0,92.0,1.0,1.0,Whitehorse,0.24,5,4,4,1
NUMURKAH,51.0,4604.0,4.0,4.0,0.0,8.0,613.0,0.9563,104.0,667.0,635.0,256.0,159.0,1822.0,5.7,48.2999992370606,42.3,0.0,0.0,1.0,1.0,,,Moira,1.74,3,2,2,1
NUNAWADING,90.0,12413.0,4.0,1.0,1.0,6.0,839.0,0.9482,303.0,1815.0,1756.0,390.0,198.0,4461.0,6.8,63.2000007629395,25.4,0.0,0.0,11.0,70.0,1.0,1.0,Manningham,0.48,3,1,2,1
OCEAN GROVE,98.0,17714.0,4.0,3.0,0.0,7.0,856.0,0.9004,147.0,2072.0,3048.0,852.0,376.0,6488.0,2.3,61.5,43.5,0.0,0.0,2.0,56.0,,,Greater Geelong,0.4,3,2,3,0
PARKVILLE,0.0,7074.0,4.0,0.0,4.0,8.0,586.0,0.91,381.0,1203.0,431.0,80.0,32.0,2127.0,17.9,66.1999969482422,29.2,9.0,0.0,5.0,25.0,2.0,2.0,Moreland,1.13,2,2,0,1
POREPUNKAH,35.0,1024.0,4.0,0.0,0.0,4.0,787.0,0.9357,3.0,88.0,163.0,67.0,47.0,368.0,0.8,65.6999969482422,43.5,0.0,0.0,1.0,1.0,,,Alpine,3.91,1,1,1,0
ROWVILLE,437.0,33571.0,4.0,0.0,1.0,5.0,839.0,0.9711,247.0,2740.0,5101.0,1965.0,1259.0,11314.0,2.2,68.0,25.9,0.0,0.0,7.0,138.0,,,Knox,0.15,6,5,5,1
ROXBURGH PARK,0.0,24129.0,4.0,0.0,0.0,4.0,473.0,0.9863,214.0,1616.0,2527.0,1118.0,706.0,6183.0,3.5,51.5999984741211,7.8,0.0,0.0,7.0,59.0,1.0,1.0,Whittlesea,0.17,5,4,4,1
RYE,81.0,9438.0,4.0,2.0,0.0,6.0,702.0,1.0017,116.0,1306.0,1624.0,429.0,198.0,3669.0,3.2,50.2000007629395,41.3,0.0,0.0,3.0,70.0,,,Mornington Peninsula,0.64,1,1,1,0
SOUTH YARRA,752.0,25028.0,4.0,0.0,2.0,6.0,1395.0,0.9036,3614.0,6920.0,1945.0,326.0,132.0,12933.0,27.9,72.9000015258789,31.3,0.0,0.0,4.0,36.0,3.0,3.0,Melbourne,0.24,6,3,2,2
SPRINGVALE SOUTH,0.0,12766.0,4.0,0.0,0.0,4.0,559.0,0.9956,220.0,1196.0,1407.0,639.0,325.0,3787.0,5.8,56.0,23.3,0.0,0.0,6.0,48.0,,,Kingston (Vic.),0.31,4,3,3,1
ST ARNAUD,21.0,2318.0,4.0,0.0,0.0,4.0,560.0,0.9277,92.0,376.0,341.0,116.0,85.0,1014.0,9.1,47.7999992370606,44.6,0.0,0.0,1.0,3.0,,,Buloke,1.73,3,2,2,1
STRATHFIELDSAYE,61.0,6850.0,4.0,1.0,0.0,5.0,924.0,0.9684,15.0,476.0,1105.0,397.0,223.0,2219.0,0.7,70.5,44.5,0.0,0.0,2.0,46.0,,,Mount Alexander,0.73,2,1,2,0
SYDENHAM,91.0,10578.0,4.0,1.0,0.0,5.0,724.0,0.9878,162.0,1218.0,1266.0,490.0,287.0,3416.0,4.7,62.5,15.4,0.0,0.0,7.0,31.0,1.0,1.0,Brimbank,0.47,3,1,2,1
TAYLORS HILL,94.0,15419.0,4.0,0.0,0.0,4.0,796.0,0.9853,78.0,811.0,1993.0,804.0,549.0,4232.0,1.8,69.0,11.9,0.0,0.0,3.0,32.0,,,Brimbank,0.26,2,1,1,0
TOOLERN VALE,17.0,818.0,4.0,0.0,0.0,4.0,767.0,1.0685,0.0,31.0,87.0,50.0,92.0,267.0,0.0,60.0999984741211,35.6,0.0,0.0,0.0,0.0,,,Macedon Ranges,4.89,1,1,1,0
WHITE HILLS,0.0,3620.0,4.0,0.0,0.0,4.0,750.0,0.9184,78.0,574.0,540.0,156.0,106.0,1450.0,5.4,61.2000007629395,42.8,0.0,0.0,3.0,32.0,,,Greater Bendigo,1.1,2,1,2,0
WHITTLESEA,44.0,6117.0,4.0,0.0,0.0,4.0,719.0,0.9447,79.0,620.0,795.0,342.0,264.0,2095.0,3.8,58.7999992370606,40.5,0.0,0.0,4.0,25.0,,,Nillumbik,0.65,3,2,2,1
YAN YEAN,55.0,246.0,4.0,0.0,0.0,4.0,586.0,1.0331,0.0,10.0,34.0,19.0,18.0,85.0,0.0,48.0999984741211,35.4,0.0,0.0,2.0,10.0,,,Nillumbik,16.26,0,0,0,0
YARRAWONGA,71.0,8661.0,4.0,4.0,0.0,8.0,625.0,0.9434,171.0,1305.0,1340.0,384.0,216.0,3413.0,5.0,47.7999992370606,44.1,0.0,0.0,1.0,1.0,,,Moira,0.92,3,1,1,1
DANDENONG SOUTH,830.0,125.0,5.0,4.0,0.0,9.0,792.0,2.2368,21.0,32.0,15.0,5.0,4.0,69.0,30.4,58.7000007629395,31.2,0.0,0.0,5.0,87.0,,,Greater Dandenong,72.0,0,0,0,0
KURUNJANG,106.0,10711.0,4.0,1.0,0.0,5.0,702.0,0.9562,89.0,1064.0,1427.0,550.0,382.0,3516.0,2.5,61.9000015258789,29.9,0.0,0.0,4.0,37.0,,,Macedon Ranges,0.47,1,1,0,1
TARNEIT,1.0,56370.0,4.0,6.0,0.0,10.0,850.0,1.0372,373.0,5162.0,7004.0,1876.0,855.0,15267.0,2.4,69.5999984741211,27.0,0.0,1.0,10.0,150.0,,,Melton,0.18,13,8,7,3
ALBION,0.0,4334.0,3.0,0.0,0.0,3.0,708.0,1.1605,307.0,828.0,410.0,115.0,60.0,1729.0,17.8,58.9000015258789,19.1,0.0,0.0,6.0,19.0,1.0,1.0,Brimbank,0.69,2,1,2,0
ALTONA MEADOWS,281.0,18479.0,3.0,0.0,0.0,3.0,730.0,0.9375,408.0,2764.0,2689.0,766.0,405.0,7038.0,5.8,59.4000015258789,23.9,0.0,0.0,6.0,47.0,,,Wyndham,0.16,3,2,3,0
BALLAN,58.0,3392.0,3.0,0.0,0.0,3.0,733.0,0.9465,48.0,451.0,471.0,194.0,135.0,1299.0,3.7,60.4000015258789,42.2,0.0,1.0,0.0,0.0,,,Golden Plains,0.88,2,1,2,0
BARANDUDA,6.0,3041.0,3.0,3.0,0.0,6.0,942.0,0.8983,11.0,237.0,485.0,160.0,105.0,1000.0,1.1,64.5999984741211,43.1,0.0,0.0,1.0,3.0,,,Albury,1.97,2,1,2,0
BEACONSFIELD,291.0,7267.0,3.0,0.0,0.0,3.0,887.0,1.0014,74.0,557.0,980.0,458.0,314.0,2383.0,3.1,70.9000015258789,38.8,0.0,0.0,5.0,29.0,1.0,1.0,Casey,0.41,2,1,1,1
BEAUFORT,19.0,1712.0,3.0,1.0,0.0,4.0,575.0,1.0047,36.0,227.0,275.0,104.0,74.0,717.0,5.0,48.0999984741211,45.4,0.0,1.0,1.0,1.0,,,Ararat,2.34,2,2,1,1
BEVERIDGE,159.0,4642.0,3.0,2.0,0.0,5.0,978.0,1.0262,14.0,248.0,691.0,268.0,149.0,1378.0,1.0,72.6999969482422,25.9,0.0,0.0,1.0,9.0,,,Whittlesea,1.08,1,1,1,0
BITTERN,10.0,4276.0,3.0,0.0,0.0,3.0,725.0,0.9879,27.0,483.0,609.0,284.0,201.0,1603.0,1.7,59.2999992370606,48.5,0.0,0.0,1.0,8.0,1.0,1.0,Mornington Peninsula,0.7,1,1,1,0
BORONIA,0.0,23607.0,3.0,0.0,0.0,3.0,800.0,0.949,457.0,3595.0,3666.0,1040.0,461.0,9222.0,5.0,63.4000015258789,35.2,0.0,0.0,7.0,115.0,1.0,1.0,Knox,0.13,6,4,4,1
BROOKFIELD,157.0,10782.0,3.0,2.0,0.0,5.0,706.0,0.9729,154.0,983.0,1343.0,523.0,263.0,3267.0,4.7,60.7000007629395,24.0,0.0,0.0,4.0,24.0,,,Wyndham,0.46,2,1,1,0
BRUNSWICK WEST,0.0,14746.0,3.0,0.0,1.0,4.0,1004.0,0.9038,992.0,3457.0,1585.0,344.0,156.0,6532.0,15.2,72.1999969482422,27.9,8.0,0.0,7.0,74.0,,,Moreland,0.27,4,3,4,0
BULLA,12.0,668.0,3.0,1.0,0.0,4.0,726.0,1.0526,3.0,33.0,82.0,53.0,52.0,218.0,1.4,59.9000015258789,23.5,0.0,0.0,1.0,4.0,,,Hume,5.99,0,0,0,0
CAULFIELD SOUTH,0.0,12328.0,3.0,0.0,0.0,3.0,1074.0,0.9497,254.0,1671.0,1995.0,433.0,204.0,4558.0,5.6,66.0,21.6,39.0,0.0,4.0,36.0,,,Glen Eira,0.24,4,2,2,0
COBURG NORTH,91.0,8327.0,3.0,0.0,0.0,3.0,882.0,0.9707,323.0,1347.0,981.0,275.0,105.0,3027.0,10.7,64.8000030517578,23.6,2.0,0.0,5.0,54.0,2.0,1.0,Darebin,0.36,0,0,0,0
COHUNA,18.0,2415.0,3.0,1.0,0.0,4.0,594.0,0.9508,51.0,357.0,386.0,121.0,90.0,1013.0,5.0,46.2999992370606,45.1,0.0,0.0,1.0,1.0,,,Gannawarra,1.66,3,2,2,1
COLAC,41.0,9243.0,3.0,1.0,0.0,4.0,661.0,0.9455,376.0,1567.0,1254.0,390.0,179.0,3765.0,10.0,53.9000015258789,39.9,0.0,1.0,3.0,52.0,,,Colac Otway,0.43,7,5,4,2
CRANBOURNE,579.0,21281.0,3.0,0.0,0.0,3.0,707.0,1.0181,407.0,2525.0,2641.0,976.0,511.0,7066.0,5.8,60.0,27.7,0.0,0.0,14.0,72.0,1.0,1.0,Frankston,0.14,11,7,7,3
DEVON MEADOWS,171.0,1551.0,3.0,0.0,0.0,3.0,746.0,1.0818,4.0,85.0,153.0,110.0,132.0,475.0,0.8,58.7999992370606,32.6,0.0,0.0,3.0,19.0,,,Frankston,1.93,1,1,1,0
DIAMOND CREEK,102.0,12503.0,3.0,0.0,0.0,3.0,983.0,0.9708,75.0,854.0,1873.0,763.0,554.0,4121.0,1.8,72.5,40.4,0.0,0.0,7.0,43.0,1.0,1.0,Nillumbik,0.24,4,3,3,1
DONALD,14.0,1472.0,3.0,0.0,0.0,3.0,604.0,0.9811,33.0,205.0,225.0,76.0,47.0,589.0,5.6,48.2999992370606,43.1,0.0,0.0,1.0,2.0,,,Yarriambiack,2.04,3,2,2,1
DONCASTER,105.0,25020.0,3.0,0.0,2.0,5.0,719.0,0.9263,696.0,4348.0,3554.0,840.0,378.0,9822.0,7.1,57.0999984741211,36.6,0.0,0.0,16.0,111.0,,,Manningham,0.2,4,3,3,1
DONVALE,242.0,12644.0,3.0,0.0,0.0,3.0,769.0,0.9124,141.0,1220.0,1850.0,651.0,417.0,4277.0,3.3,59.2999992370606,24.6,0.0,0.0,8.0,58.0,,,Manningham,0.24,5,2,2,1
FOOTSCRAY,470.0,17131.0,3.0,1.0,2.0,6.0,916.0,1.0527,1545.0,3987.0,1362.0,252.0,98.0,7245.0,21.3,68.8000030517578,22.5,13.0,1.0,13.0,96.0,2.0,10.0,Maribyrnong,0.35,6,4,5,1
HAMPTON PARK,0.0,26082.0,3.0,1.0,1.0,5.0,668.0,1.0428,342.0,2378.0,3169.0,1231.0,642.0,7760.0,4.4,59.0,15.1,0.0,0.0,7.0,105.0,,,Casey,0.19,6,5,5,1
HASTINGS,86.0,10369.0,3.0,0.0,0.0,3.0,639.0,0.9124,274.0,1742.0,1431.0,427.0,230.0,4103.0,6.7,51.2000007629395,44.4,0.0,0.0,2.0,27.0,1.0,1.0,Mornington Peninsula,0.29,4,3,3,1
HEALESVILLE,130.0,7589.0,3.0,0.0,0.0,3.0,707.0,0.9114,100.0,948.0,1103.0,404.0,299.0,2855.0,3.5,56.9000015258789,46.0,0.0,0.0,3.0,37.0,,,Murrindindi,0.4,5,3,3,1
INVERLOCH,48.0,6526.0,3.0,0.0,0.0,3.0,703.0,0.9217,61.0,989.0,1195.0,269.0,109.0,2627.0,2.3,48.2999992370606,43.7,0.0,0.0,1.0,3.0,,,South Gippsland,0.46,1,1,1,0
IRONBARK,140.0,1163.0,3.0,1.0,1.0,5.0,696.0,0.9711,36.0,226.0,152.0,37.0,27.0,483.0,7.5,57.5,41.5,0.0,0.0,3.0,16.0,,,Greater Bendigo,4.3,0,0,0,0
JACKASS FLAT,19.0,1907.0,3.0,0.0,0.0,3.0,869.0,0.9127,7.0,171.0,314.0,98.0,44.0,631.0,1.1,72.1999969482422,39.6,0.0,0.0,1.0,9.0,,,Loddon,1.57,0,0,0,0
KALKALLO,0.0,5548.0,3.0,0.0,0.0,3.0,920.0,1.02,13.0,440.0,873.0,205.0,66.0,1600.0,0.8,71.5,20.1,0.0,0.0,1.0,17.0,,,Whittlesea,0.54,2,2,2,0
KANGAROO GROUND,70.0,1208.0,3.0,0.0,0.0,3.0,887.0,0.9787,0.0,43.0,123.0,73.0,91.0,334.0,0.0,65.0,39.6,0.0,0.0,1.0,12.0,,,Nillumbik,2.48,1,1,1,0
KINGS PARK,0.0,8203.0,3.0,0.0,0.0,3.0,479.0,0.9797,176.0,889.0,944.0,368.0,191.0,2572.0,6.8,48.2999992370606,24.0,0.0,0.0,4.0,29.0,,,Brimbank,0.37,2,1,2,0
KOORLONG,21.0,397.0,3.0,0.0,0.0,3.0,820.0,1.0309,0.0,19.0,54.0,27.0,25.0,120.0,0.0,68.3000030517578,37.8,0.0,0.0,0.0,0.0,,,Swan Hill,7.56,1,1,1,0
KYABRAM,90.0,7416.0,3.0,1.0,0.0,4.0,636.0,0.9663,176.0,1001.0,1063.0,411.0,272.0,2912.0,6.0,54.0999984741211,43.3,0.0,0.0,1.0,1.0,,,Moreland,0.54,2,1,0,0
KYNETON,39.0,7513.0,3.0,3.0,0.0,6.0,749.0,0.9281,139.0,931.0,1126.0,368.0,255.0,2829.0,4.9,57.2999992370606,43.2,0.0,1.0,5.0,33.0,,,Mitchell,0.8,4,2,2,2
LAKES ENTRANCE,39.0,5145.0,3.0,0.0,0.0,3.0,514.0,0.9649,154.0,911.0,732.0,211.0,80.0,2089.0,7.4,37.7999992370606,39.6,0.0,0.0,5.0,47.0,,,East Gippsland,0.58,3,2,2,1
LANG LANG,65.0,2556.0,3.0,2.0,0.0,5.0,811.0,0.9883,14.0,184.0,391.0,173.0,109.0,873.0,1.6,64.5999984741211,40.3,0.0,0.0,1.0,2.0,,,South Gippsland,1.96,1,1,1,0
LARA,54.0,19014.0,3.0,0.0,0.0,3.0,834.0,1.0875,160.0,1801.0,2728.0,990.0,618.0,6300.0,2.5,61.7999992370606,36.1,0.0,1.0,3.0,59.0,,,Greater Geelong,0.16,3,2,2,1
LONGWARRY,59.0,2436.0,3.0,0.0,0.0,3.0,733.0,0.9629,23.0,275.0,357.0,124.0,83.0,860.0,2.7,61.7999992370606,40.7,0.0,1.0,0.0,0.0,,,Cardinia,1.23,1,1,1,0
LOWER PLENTY,0.0,3962.0,3.0,0.0,0.0,3.0,955.0,0.9266,37.0,457.0,635.0,170.0,160.0,1457.0,2.5,61.5,37.2,0.0,0.0,3.0,13.0,,,Banyule,0.76,1,1,1,0
MAIDSTONE,0.0,9389.0,3.0,0.0,3.0,6.0,851.0,0.9846,353.0,1523.0,1185.0,297.0,117.0,3473.0,10.2,66.3000030517578,17.6,2.0,0.0,6.0,40.0,,,Brimbank,0.64,0,0,0,0
MERTON,15.0,216.0,3.0,0.0,0.0,3.0,582.0,1.2581,0.0,22.0,33.0,18.0,14.0,86.0,0.0,55.5,46.3,0.0,0.0,1.0,2.0,,,Murrindindi,13.89,0,0,0,0
MIDDLE PARK,0.0,4000.0,3.0,0.0,0.0,3.0,1430.0,0.9474,125.0,822.0,534.0,98.0,41.0,1618.0,7.7,64.4000015258789,36.4,15.0,0.0,1.0,11.0,,,Port Phillip,0.75,1,1,1,0
MILDURA SOUTH,0.0,,3.0,0.0,0.0,3.0,,,,,,,,,,,,0.0,0.0,0.0,0.0,,,Swan Hill,,1,1,1,0
MOE,38.0,9375.0,3.0,0.0,0.0,3.0,541.0,0.9646,539.0,1724.0,1154.0,424.0,194.0,4030.0,13.4,45.0999984741211,37.4,0.0,1.0,8.0,58.0,,,Wellington,0.32,5,4,4,0
MONTMORENCY,99.0,9250.0,3.0,0.0,0.0,3.0,964.0,0.921,110.0,1276.0,1522.0,393.0,214.0,3520.0,3.1,66.3000030517578,39.9,0.0,0.0,5.0,30.0,1.0,1.0,Banyule,0.32,4,3,3,1
MONTROSE,6.0,6900.0,3.0,0.0,0.0,3.0,855.0,0.9658,77.0,517.0,995.0,419.0,297.0,2302.0,3.3,64.5999984741211,43.3,0.0,0.0,6.0,38.0,,,Yarra Ranges,0.43,2,2,2,0
MOOLAP,102.0,1825.0,3.0,0.0,0.0,3.0,630.0,0.9773,28.0,245.0,210.0,75.0,102.0,659.0,4.2,40.7000007629395,40.1,0.0,0.0,6.0,27.0,,,Greater Geelong,1.64,1,1,1,0
MORDIALLOC,48.0,8886.0,3.0,0.0,0.0,3.0,982.0,0.9026,252.0,1406.0,1330.0,331.0,143.0,3471.0,7.3,68.5999984741211,36.0,0.0,0.0,7.0,44.0,1.0,1.0,Kingston (Vic.),0.34,4,3,2,2
MORNINGTON,184.0,25759.0,3.0,0.0,2.0,5.0,740.0,0.8667,550.0,4093.0,4081.0,1066.0,558.0,10346.0,5.3,53.0,45.8,0.0,0.0,4.0,117.0,,,Mornington Peninsula,0.19,7,5,4,2
MOUNT DUNEED,169.0,6182.0,3.0,0.0,0.0,3.0,1029.0,0.9358,27.0,525.0,1111.0,283.0,147.0,2090.0,1.3,75.5999984741211,37.1,0.0,1.0,5.0,21.0,,,Greater Geelong,0.49,2,2,2,0
MOUNT MARTHA,148.0,19846.0,3.0,1.0,0.0,4.0,846.0,0.9191,149.0,1964.0,3252.0,1019.0,582.0,6963.0,2.1,60.5,47.6,0.0,0.0,4.0,79.0,,,Mornington Peninsula,0.2,2,2,2,0
MULGRAVE,0.0,19889.0,3.0,1.0,1.0,5.0,746.0,1.008,258.0,2032.0,3090.0,916.0,460.0,6759.0,3.8,61.0,17.0,0.0,0.0,19.0,110.0,,,Monash,0.25,5,3,3,2
MURCHISON,6.0,884.0,3.0,0.0,0.0,3.0,519.0,1.0514,12.0,122.0,137.0,57.0,38.0,370.0,3.2,49.5,41.2,0.0,0.0,1.0,2.0,,,Strathbogie,3.39,1,1,1,0
MYRTLEFORD,15.0,3285.0,3.0,2.0,0.0,5.0,653.0,0.9507,58.0,460.0,527.0,180.0,109.0,1337.0,4.3,54.2999992370606,36.6,0.0,0.0,1.0,2.0,,,Wangaratta,1.52,3,1,1,1
NEWCOMB,47.0,4704.0,3.0,0.0,0.0,3.0,672.0,0.8959,193.0,933.0,658.0,193.0,93.0,2069.0,9.3,57.5999984741211,39.9,0.0,0.0,6.0,37.0,,,Greater Geelong,0.64,3,2,2,1
NEWPORT,0.0,13658.0,3.0,0.0,0.0,3.0,1241.0,0.9434,273.0,2031.0,2032.0,404.0,177.0,4923.0,5.5,72.0999984741211,33.8,0.0,0.0,5.0,58.0,1.0,1.0,Hobsons Bay,0.22,4,2,4,0
NOBLE PARK NORTH,0.0,7436.0,3.0,0.0,1.0,4.0,596.0,1.0168,161.0,904.0,1025.0,315.0,177.0,2580.0,6.2,54.7999992370606,14.0,0.0,0.0,8.0,40.0,,,Greater Dandenong,0.54,2,1,1,1
ORBOST,11.0,2264.0,3.0,0.0,0.0,3.0,489.0,0.9747,70.0,411.0,323.0,95.0,42.0,940.0,7.4,40.4000015258789,40.5,0.0,0.0,1.0,1.0,,,East Gippsland,1.33,2,1,1,0
SANDRINGHAM,54.0,10926.0,3.0,0.0,0.0,3.0,1090.0,0.8907,282.0,1710.0,1643.0,392.0,185.0,4218.0,6.7,61.7000007629395,41.9,0.0,0.0,5.0,44.0,1.0,1.0,Bayside (Vic.),0.27,4,3,3,1
SEAFORD,472.0,17215.0,3.0,2.0,1.0,6.0,809.0,0.9608,518.0,2939.0,2662.0,662.0,284.0,7071.0,7.3,61.5999984741211,40.9,0.0,0.0,7.0,87.0,2.0,1.0,Frankston,0.35,8,7,6,1
SEASPRAY,1.0,373.0,3.0,0.0,0.0,3.0,507.0,1.185,6.0,54.0,57.0,27.0,18.0,160.0,3.8,48.2000007629395,38.6,0.0,0.0,0.0,0.0,,,Wellington,8.04,0,0,0,0
SKYE,240.0,8088.0,3.0,0.0,0.0,3.0,844.0,0.9703,56.0,678.0,1176.0,485.0,282.0,2674.0,2.1,71.6999969482422,38.3,0.0,0.0,2.0,12.0,,,Frankston,0.37,1,1,1,0
SOMERVILLE,88.0,11767.0,3.0,2.0,0.0,5.0,809.0,0.9328,130.0,1208.0,1773.0,652.0,504.0,4269.0,3.0,64.6999969482422,47.8,0.0,0.0,2.0,24.0,1.0,1.0,Casey,0.42,4,3,3,1
SPRING GULLY,37.0,3092.0,3.0,0.0,0.0,3.0,794.0,0.8877,81.0,478.0,489.0,148.0,72.0,1260.0,6.4,58.9000015258789,45.3,0.0,0.0,2.0,16.0,,,Greater Bendigo,0.97,0,0,0,0
STRATHMERTON,15.0,1072.0,3.0,2.0,0.0,5.0,662.0,1.0939,6.0,79.0,131.0,69.0,62.0,350.0,1.7,61.7999992370606,44.9,0.0,0.0,1.0,2.0,,,Moira,4.66,1,1,1,0
TOOTGAROOK,62.0,3178.0,3.0,0.0,0.0,3.0,656.0,0.9697,46.0,461.0,516.0,128.0,75.0,1230.0,3.7,53.5999984741211,39.2,0.0,0.0,2.0,28.0,,,Mornington Peninsula,0.94,1,1,1,0
TRAFALGAR,4.0,4349.0,3.0,0.0,0.0,3.0,728.0,0.9184,51.0,553.0,685.0,218.0,124.0,1636.0,3.1,57.0999984741211,43.5,0.0,1.0,0.0,0.0,,,Latrobe (Vic.),0.69,3,2,2,1
TYABB,97.0,3449.0,3.0,2.0,0.0,5.0,783.0,0.9777,21.0,291.0,521.0,211.0,191.0,1229.0,1.7,67.0,48.5,0.0,0.0,2.0,14.0,1.0,1.0,Mornington Peninsula,1.45,3,2,2,0
WANTIRNA SOUTH,37.0,20754.0,3.0,1.0,2.0,6.0,751.0,0.9287,363.0,2205.0,3084.0,1010.0,540.0,7200.0,5.0,61.5999984741211,28.7,0.0,0.0,13.0,132.0,,,Knox,0.29,7,2,3,0
WONTHAGGI,56.0,5215.0,3.0,2.0,0.0,5.0,515.0,0.898,249.0,1071.0,655.0,216.0,110.0,2305.0,10.8,41.5,43.1,0.0,0.0,1.0,4.0,,,Bass Coast,0.96,5,4,3,1
WOODSTOCK,34.0,150.0,3.0,0.0,0.0,3.0,671.0,1.1429,0.0,9.0,17.0,7.0,7.0,47.0,0.0,48.0999984741211,31.3,0.0,0.0,0.0,0.0,,,Whittlesea,20.0,0,0,0,0
WYNDHAM VALE,102.0,20518.0,3.0,0.0,0.0,3.0,787.0,0.9807,250.0,2507.0,2599.0,695.0,375.0,6426.0,3.9,65.5,22.8,0.0,0.0,4.0,63.0,,,Melton,0.15,4,4,3,0
YALLAMBIE,4.0,4161.0,3.0,0.0,0.0,3.0,1021.0,1.0687,34.0,372.0,637.0,199.0,73.0,1309.0,2.6,70.9000015258789,34.6,0.0,0.0,3.0,15.0,,,Darebin,0.72,1,1,1,0
YARRAMBAT,105.0,1602.0,3.0,0.0,0.0,3.0,867.0,1.0227,6.0,45.0,158.0,123.0,148.0,480.0,1.3,66.8000030517578,37.2,0.0,0.0,3.0,22.0,,,Nillumbik,1.87,1,1,1,0
BENTLEIGH,0.0,17921.0,2.0,0.0,0.0,2.0,990.0,0.9399,446.0,2746.0,2610.0,613.0,254.0,6665.0,6.7,68.3000030517578,26.5,0.0,0.0,7.0,52.0,2.0,1.0,Glen Eira,0.11,4,2,3,1
CHADSTONE,102.0,9552.0,2.0,2.0,1.0,5.0,880.0,1.0029,247.0,1433.0,1388.0,357.0,150.0,3567.0,6.9,66.0999984741211,19.0,0.0,0.0,4.0,28.0,,,Monash,0.52,1,0,0,1
DONCASTER EAST,21.0,30926.0,3.0,0.0,0.0,3.0,701.0,0.9295,458.0,3951.0,4608.0,1205.0,616.0,10839.0,4.2,59.0999984741211,38.0,0.0,0.0,15.0,130.0,,,Manningham,0.1,6,5,5,1
HALLAM,78.0,11355.0,3.0,2.0,1.0,6.0,602.0,1.0041,154.0,1199.0,1328.0,508.0,290.0,3480.0,4.4,54.2999992370606,14.2,0.0,0.0,7.0,58.0,1.0,1.0,Casey,0.53,2,2,1,1
OAKLEIGH,356.0,8442.0,2.0,1.0,1.0,4.0,865.0,0.9614,352.0,1356.0,1065.0,281.0,158.0,3211.0,11.0,66.0999984741211,21.0,0.0,0.0,15.0,59.0,2.0,1.0,Monash,0.47,3,1,2,0
THOMASTOWN,896.0,20234.0,2.0,0.0,1.0,3.0,502.0,1.0114,666.0,2903.0,2469.0,802.0,394.0,7237.0,9.2,49.9000015258789,13.8,5.0,0.0,8.0,112.0,2.0,1.0,Whittlesea,0.15,6,6,5,1
WEST FOOTSCRAY,0.0,11729.0,3.0,0.0,0.0,3.0,1003.0,1.032,535.0,2221.0,1376.0,283.0,112.0,4522.0,11.8,69.8000030517578,25.9,0.0,0.0,7.0,54.0,2.0,1.0,Brimbank,0.26,1,1,1,0
ALEXANDRA,13.0,2801.0,2.0,0.0,0.0,2.0,629.0,0.9444,61.0,478.0,421.0,167.0,97.0,1211.0,5.0,50.2999992370606,46.7,0.0,0.0,2.0,2.0,,,Murrindindi,0.71,3,2,2,1
ARDEER,105.0,3170.0,2.0,0.0,0.0,2.0,698.0,1.0211,99.0,489.0,356.0,115.0,57.0,1118.0,8.9,56.9000015258789,15.0,0.0,0.0,6.0,13.0,,,Brimbank,0.63,2,1,2,0
ARMADALE,0.0,9368.0,2.0,0.0,2.0,4.0,1354.0,0.8363,576.0,2208.0,1222.0,205.0,101.0,4312.0,13.4,69.0,34.6,94.0,0.0,2.0,25.0,2.0,1.0,Stonnington,0.43,3,1,1,0
AVONDALE HEIGHTS,0.0,12388.0,2.0,0.0,0.0,2.0,666.0,0.9489,298.0,1580.0,1743.0,524.0,274.0,4421.0,6.7,54.5,23.9,0.0,0.0,5.0,45.0,,,Moonee Valley,0.16,2,1,2,0
BALLARAT EAST,39.0,5937.0,2.0,0.0,0.0,2.0,636.0,0.8651,206.0,1216.0,758.0,226.0,112.0,2518.0,8.2,52.5999984741211,43.6,0.0,0.0,14.0,40.0,,,Ballarat,0.34,4,2,3,1
BALLARAT NORTH,0.0,4041.0,2.0,0.0,0.0,2.0,723.0,0.8804,154.0,664.0,641.0,192.0,70.0,1728.0,8.9,56.7999992370606,44.7,0.0,0.0,3.0,19.0,,,Ballarat,0.49,1,0,1,0
BALWYN NORTH,227.0,21302.0,2.0,0.0,1.0,3.0,854.0,0.963,292.0,2152.0,3082.0,1002.0,503.0,7032.0,4.2,61.0,32.0,9.0,0.0,12.0,95.0,,,Whitehorse,0.14,6,5,5,1
BANDIANA,14.0,855.0,2.0,2.0,0.0,4.0,1054.0,1.638,0.0,51.0,94.0,19.0,9.0,172.0,0.0,81.5,44.7,0.0,0.0,0.0,0.0,,,Albury,4.68,1,1,1,0
BANNOCKBURN,10.0,6470.0,2.0,0.0,0.0,2.0,845.0,1.0068,20.0,402.0,930.0,375.0,312.0,2038.0,1.0,68.0999984741211,41.3,0.0,0.0,2.0,3.0,,,Golden Plains,0.31,2,1,1,0
BARNAWARTHA NORTH,22.0,188.0,2.0,0.0,0.0,2.0,870.0,1.0638,0.0,7.0,20.0,13.0,25.0,60.0,0.0,65.5999984741211,52.1,0.0,0.0,0.0,0.0,,,Indigo,10.64,0,0,0,0
BATESFORD,20.0,1141.0,2.0,0.0,0.0,2.0,952.0,1.0592,0.0,24.0,146.0,78.0,81.0,335.0,0.0,71.3000030517578,35.8,0.0,0.0,2.0,2.0,,,Golden Plains,1.75,0,0,0,0
BAXTER,20.0,2166.0,2.0,0.0,0.0,2.0,774.0,0.9514,38.0,324.0,325.0,120.0,85.0,889.0,4.3,63.5,43.5,0.0,0.0,3.0,11.0,1.0,1.0,Frankston,0.92,1,1,1,0
BEAUMARIS,31.0,13947.0,2.0,0.0,0.0,2.0,1044.0,0.924,145.0,1414.0,2344.0,698.0,365.0,4960.0,2.9,62.9000015258789,42.6,0.0,0.0,6.0,66.0,,,Bayside (Vic.),0.14,4,3,3,1
BIRCHIP,7.0,694.0,2.0,0.0,0.0,2.0,740.0,0.9886,19.0,95.0,109.0,38.0,31.0,284.0,6.7,55.7000007629395,36.5,0.0,0.0,1.0,1.0,,,Buloke,2.88,1,1,0,0
BLACK ROCK,94.0,6389.0,2.0,0.0,0.0,2.0,1067.0,0.9209,78.0,860.0,1088.0,286.0,153.0,2462.0,3.2,61.0999984741211,40.8,0.0,0.0,4.0,26.0,,,Bayside (Vic.),0.31,1,1,1,0
BLACKBURN NORTH,144.0,7627.0,2.0,0.0,0.0,2.0,822.0,0.9526,139.0,935.0,1171.0,269.0,154.0,2670.0,5.2,64.8000030517578,25.1,0.0,0.0,7.0,40.0,,,Whitehorse,0.26,3,2,3,0
BONNIE DOON,51.0,666.0,2.0,0.0,0.0,2.0,662.0,1.1083,5.0,71.0,118.0,59.0,22.0,273.0,1.8,56.5999984741211,34.1,0.0,0.0,1.0,2.0,,,Mansfield,3.0,0,0,0,0
BOWSER,0.0,44.0,2.0,0.0,0.0,2.0,537.0,0.4815,0.0,5.0,0.0,0.0,0.0,9.0,0.0,71.4000015258789,22.7,0.0,0.0,0.0,0.0,,,Moira,45.45,0,0,0,0
BOX HILL,0.0,14353.0,2.0,0.0,4.0,6.0,627.0,0.9418,1395.0,3034.0,1108.0,248.0,90.0,5879.0,23.7,57.9000015258789,46.6,3.0,0.0,17.0,86.0,1.0,1.0,Whitehorse,0.42,4,1,1,2
BOX HILL NORTH,245.0,12337.0,2.0,0.0,1.0,3.0,747.0,0.9632,364.0,1834.0,1682.0,418.0,173.0,4470.0,8.1,63.5,34.5,0.0,0.0,10.0,57.0,,,Whitehorse,0.24,3,2,2,0
BOX HILL SOUTH,65.0,8491.0,2.0,0.0,0.0,2.0,788.0,0.9031,227.0,1216.0,1170.0,319.0,157.0,3084.0,7.4,65.0999984741211,26.2,1.0,0.0,6.0,52.0,,,Whitehorse,0.24,1,1,1,0
BRAESIDE,0.0,25.0,2.0,2.0,1.0,5.0,871.0,2.1429,0.0,6.0,11.0,0.0,0.0,16.0,0.0,75.0,52.0,0.0,0.0,6.0,34.0,,,Kingston (Vic.),200.0,0,0,0,0
BRAYBROOK,216.0,9682.0,2.0,1.0,1.0,4.0,622.0,1.0366,425.0,1399.0,1052.0,314.0,136.0,3331.0,12.8,58.4000015258789,27.3,0.0,0.0,5.0,44.0,,,Maribyrnong,0.41,6,4,2,2
BRIDGE CREEK,2.0,117.0,2.0,0.0,0.0,2.0,736.0,0.8889,0.0,9.0,15.0,6.0,9.0,42.0,0.0,68.0,47.9,0.0,0.0,0.0,0.0,,,Murrindindi,17.09,0,0,0,0
BURWOOD,347.0,15147.0,2.0,0.0,1.0,3.0,681.0,0.9247,585.0,2148.0,1940.0,514.0,203.0,5392.0,10.8,60.9000015258789,25.0,15.0,0.0,7.0,59.0,,,Monash,0.2,3,1,1,0
CAMBERWELL,511.0,21965.0,2.0,0.0,4.0,6.0,1043.0,0.8867,478.0,3102.0,3031.0,833.0,403.0,7856.0,6.1,62.2000007629395,31.9,36.0,0.0,3.0,53.0,5.0,3.0,Boroondara,0.27,4,2,2,2
CAMPBELLFIELD,173.0,4977.0,2.0,1.0,3.0,6.0,444.0,1.0794,132.0,594.0,504.0,199.0,126.0,1554.0,8.5,41.4000015258789,19.1,0.0,0.0,7.0,41.0,1.0,1.0,Hume,1.21,1,1,1,0
CAMPERDOWN,24.0,3354.0,2.0,0.0,0.0,2.0,628.0,0.9427,101.0,504.0,512.0,180.0,93.0,1388.0,7.3,51.0999984741211,41.9,0.0,1.0,1.0,1.0,,,Colac Otway,0.6,3,1,1,1
CAPEL SOUND,0.0,5246.0,2.0,1.0,0.0,3.0,558.0,0.8566,192.0,1183.0,680.0,161.0,66.0,2286.0,8.4,37.2999992370606,43.3,0.0,0.0,2.0,36.0,,,Mornington Peninsula,0.57,1,1,1,0
CARLSRUHE,32.0,382.0,2.0,1.0,0.0,3.0,784.0,0.8786,0.0,24.0,50.0,24.0,33.0,127.0,0.0,60.5999984741211,42.4,0.0,0.0,0.0,0.0,,,Moorabool,7.85,0,0,0,0
CASTERTON,16.0,1673.0,2.0,0.0,0.0,2.0,523.0,0.8925,47.0,276.0,242.0,103.0,72.0,742.0,6.3,43.7999992370606,43.7,0.0,0.0,1.0,4.0,,,Glenelg,1.2,3,2,2,1
CAULFIELD NORTH,46.0,16903.0,1.0,0.0,4.0,5.0,1144.0,0.9229,659.0,3017.0,2283.0,480.0,249.0,6687.0,9.9,65.8000030517578,19.0,0.0,0.0,4.0,32.0,,,Glen Eira,0.3,2,2,1,1
CHELSEA HEIGHTS,178.0,5393.0,2.0,1.0,0.0,3.0,805.0,0.9291,75.0,653.0,872.0,245.0,115.0,1969.0,3.8,64.5,34.5,0.0,0.0,4.0,41.0,,,Kingston (Vic.),0.56,1,1,1,0
CLAYTON SOUTH,27.0,13381.0,2.0,0.0,1.0,3.0,685.0,1.0672,426.0,1996.0,1571.0,498.0,210.0,4700.0,9.1,60.9000015258789,20.1,0.0,0.0,9.0,70.0,1.0,1.0,Kingston (Vic.),0.22,5,3,4,1
CLIFTON SPRINGS,8.0,7646.0,2.0,0.0,0.0,2.0,683.0,0.9483,54.0,1108.0,1343.0,432.0,214.0,3145.0,1.7,56.2999992370606,46.3,0.0,0.0,2.0,34.0,,,Greater Geelong,0.26,1,1,1,0
COIMADAI,22.0,409.0,2.0,0.0,0.0,2.0,794.0,1.0,3.0,17.0,55.0,38.0,35.0,137.0,2.2,65.0999984741211,27.9,0.0,0.0,0.0,0.0,,,Melton,4.89,1,1,1,0
COLAC EAST,21.0,168.0,2.0,2.0,0.0,4.0,850.0,0.9767,0.0,24.0,16.0,11.0,8.0,65.0,0.0,57.0,32.7,0.0,0.0,0.0,0.0,,,Colac Otway,23.81,0,0,0,0
COOLAROO,0.0,3193.0,2.0,1.0,1.0,4.0,440.0,1.0101,91.0,392.0,337.0,126.0,57.0,1002.0,9.1,39.2999992370606,13.6,0.0,0.0,6.0,40.0,1.0,1.0,Hume,1.25,2,1,1,0
CRANBOURNE EAST,17.0,24679.0,2.0,0.0,0.0,2.0,773.0,0.9665,195.0,2163.0,3301.0,985.0,438.0,7088.0,2.8,65.4000015258789,20.2,0.0,0.0,8.0,60.0,,,Frankston,0.08,6,4,3,1
CRANBOURNE SOUTH,97.0,3241.0,2.0,0.0,0.0,2.0,979.0,0.9805,7.0,192.0,461.0,206.0,179.0,1045.0,0.7,70.9000015258789,35.3,0.0,0.0,2.0,8.0,,,Frankston,0.62,1,1,1,0
DANDENONG NORTH,792.0,22550.0,2.0,0.0,1.0,3.0,605.0,1.0249,433.0,2566.0,2838.0,1015.0,553.0,7401.0,5.9,54.0,13.4,0.0,0.0,10.0,108.0,,,Casey,0.13,5,3,4,1
DEDERANG,2.0,198.0,2.0,0.0,0.0,2.0,790.0,1.1183,0.0,12.0,26.0,14.0,14.0,67.0,0.0,66.5,39.4,0.0,0.0,0.0,0.0,,,Albury,10.1,1,1,1,0
DELACOMBE,0.0,5408.0,2.0,0.0,0.0,2.0,652.0,0.8857,95.0,712.0,772.0,268.0,158.0,2011.0,4.7,56.2000007629395,42.3,0.0,0.0,2.0,27.0,,,Ballarat,0.37,2,1,2,0
DENISON,21.0,453.0,2.0,0.0,0.0,2.0,839.0,1.0089,0.0,21.0,53.0,35.0,29.0,140.0,0.0,65.0,30.5,0.0,0.0,0.0,0.0,,,Mansfield,4.42,0,0,0,0
DERRIMUT,149.0,8651.0,2.0,0.0,0.0,2.0,851.0,1.0102,52.0,496.0,1150.0,390.0,198.0,2284.0,2.3,68.4000015258789,16.2,0.0,0.0,2.0,23.0,,,Wyndham,0.23,2,1,2,0
DOREEN,94.0,27122.0,2.0,0.0,0.0,2.0,928.0,0.9496,127.0,2344.0,4324.0,1230.0,635.0,8668.0,1.5,72.6999969482422,33.0,0.0,0.0,4.0,90.0,,,Nillumbik,0.07,6,4,4,0
EAGLEMONT,26.0,3960.0,2.0,0.0,0.0,2.0,1153.0,0.958,53.0,426.0,605.0,231.0,98.0,1412.0,3.8,64.9000015258789,29.8,0.0,0.0,1.0,6.0,1.0,1.0,Banyule,0.51,0,0,0,0
EAST GEELONG,191.0,4012.0,2.0,1.0,0.0,3.0,943.0,0.9031,96.0,689.0,645.0,151.0,82.0,1669.0,5.8,67.4000015258789,40.8,0.0,0.0,7.0,35.0,,,Greater Geelong,0.75,1,1,0,1
EDENHOPE,6.0,937.0,2.0,0.0,0.0,2.0,575.0,0.952,20.0,136.0,153.0,55.0,34.0,403.0,5.0,49.0999984741211,38.8,0.0,0.0,0.0,0.0,,,West Wimmera,2.13,2,1,1,0
ELMORE,12.0,847.0,2.0,0.0,0.0,2.0,540.0,0.9812,8.0,130.0,123.0,51.0,27.0,343.0,2.3,43.7999992370606,38.1,0.0,1.0,1.0,2.0,,,Campaspe,2.36,2,1,2,0
ELTHAM NORTH,27.0,6830.0,2.0,0.0,0.0,2.0,1027.0,0.9703,14.0,363.0,1120.0,403.0,275.0,2176.0,0.6,70.0999984741211,39.5,0.0,0.0,4.0,24.0,,,Banyule,0.29,4,3,3,1
ENDEAVOUR HILLS,87.0,24455.0,2.0,0.0,1.0,3.0,677.0,1.0064,264.0,2102.0,3528.0,1311.0,717.0,7931.0,3.3,59.0999984741211,14.8,0.0,0.0,6.0,128.0,,,Casey,0.12,10,7,7,1
EYNESBURY,31.0,2838.0,3.0,0.0,0.0,3.0,1132.0,0.964,6.0,164.0,515.0,155.0,55.0,888.0,0.7,76.9000015258789,36.4,0.0,0.0,1.0,13.0,,,Wyndham,1.06,1,1,1,0
FERNTREE GULLY,239.0,27398.0,2.0,0.0,1.0,3.0,791.0,0.9651,442.0,3348.0,4234.0,1362.0,791.0,10179.0,4.3,64.8000030517578,35.7,0.0,0.0,7.0,135.0,1.0,1.0,Casey,0.11,9,6,6,1
FRANKSTON SOUTH,434.0,18801.0,2.0,1.0,0.0,3.0,862.0,0.9278,270.0,2006.0,2969.0,989.0,512.0,6745.0,4.0,62.7000007629395,43.4,0.0,0.0,11.0,65.0,,,Frankston,0.16,3,2,2,1
GHERINGHAP,0.0,132.0,2.0,0.0,0.0,2.0,739.0,1.0303,0.0,3.0,14.0,14.0,13.0,45.0,0.0,54.2999992370606,31.8,0.0,0.0,2.0,2.0,,,Golden Plains,15.15,0,0,0,0
GORDON,25.0,1393.0,2.0,0.0,0.0,2.0,844.0,0.9717,6.0,102.0,207.0,112.0,55.0,478.0,1.3,63.7999992370606,38.7,0.0,0.0,0.0,0.0,,,Moorabool,1.44,2,1,2,0
GREAT WESTERN,6.0,425.0,2.0,0.0,0.0,2.0,714.0,1.0529,5.0,45.0,74.0,29.0,24.0,173.0,2.9,58.0999984741211,44.9,0.0,0.0,1.0,2.0,,,Ararat,4.71,1,1,1,0
HADFIELD,245.0,6269.0,2.0,0.0,0.0,2.0,697.0,0.9612,196.0,954.0,822.0,210.0,138.0,2321.0,8.4,56.9000015258789,19.5,0.0,0.0,5.0,39.0,1.0,1.0,Moreland,0.32,1,0,1,0
HALLS GAP,9.0,495.0,2.0,0.0,0.0,2.0,797.0,1.1798,9.0,75.0,68.0,17.0,14.0,176.0,5.1,58.9000015258789,40.2,0.0,0.0,1.0,9.0,,,Ararat,4.04,1,1,1,0
HATTAH,17.0,27.0,2.0,0.0,0.0,2.0,599.0,1.6667,0.0,5.0,4.0,0.0,0.0,14.0,0.0,38.5,63.0,0.0,0.0,1.0,1.0,,,Swan Hill,74.07,0,0,0,0
HAVEN,28.0,1443.0,2.0,2.0,0.0,4.0,912.0,1.0656,0.0,50.0,196.0,126.0,99.0,472.0,0.0,72.4000015258789,43.0,0.0,0.0,1.0,6.0,,,Northern Grampians,2.77,0,0,0,0
HAWTHORN,353.0,22322.0,2.0,0.0,2.0,4.0,1207.0,0.9329,1368.0,4874.0,2541.0,570.0,247.0,9607.0,14.2,70.5999984741211,34.3,77.0,0.0,4.0,24.0,2.0,1.0,Boroondara,0.18,8,3,4,1
HAZELWOOD NORTH,6.0,1552.0,2.0,0.0,0.0,2.0,855.0,1.0846,4.0,59.0,205.0,109.0,141.0,523.0,0.8,64.0999984741211,39.6,0.0,0.0,3.0,7.0,,,Latrobe (Vic.),1.29,1,1,1,0
HEYFIELD,9.0,2050.0,2.0,0.0,0.0,2.0,530.0,1.045,35.0,264.0,270.0,112.0,83.0,772.0,4.5,46.5,39.7,0.0,0.0,0.0,0.0,,,Mansfield,0.98,2,1,2,0
HIGHETT,0.0,12016.0,2.0,0.0,3.0,5.0,1026.0,0.9067,305.0,2154.0,1840.0,329.0,144.0,4774.0,6.4,68.4000015258789,34.3,0.0,0.0,8.0,47.0,1.0,1.0,Kingston (Vic.),0.42,1,0,1,0
INVERMAY PARK,41.0,1692.0,2.0,0.0,0.0,2.0,749.0,0.9077,17.0,182.0,286.0,104.0,60.0,645.0,2.6,60.9000015258789,44.7,0.0,0.0,2.0,15.0,,,Ballarat,1.18,0,0,0,0
IVANHOE EAST,138.0,3762.0,2.0,1.0,0.0,3.0,1191.0,0.965,44.0,417.0,573.0,202.0,114.0,1349.0,3.3,66.5,29.0,0.0,0.0,2.0,18.0,,,Banyule,0.8,1,1,1,0
JAMIESON,1.0,382.0,2.0,0.0,0.0,2.0,495.0,1.0595,0.0,55.0,67.0,13.0,12.0,145.0,0.0,32.5999984741211,39.3,0.0,0.0,0.0,0.0,,,Murrindindi,5.24,1,1,1,0
KEALBA,0.0,3226.0,2.0,0.0,0.0,2.0,658.0,0.9767,38.0,369.0,456.0,166.0,88.0,1111.0,3.4,57.9000015258789,15.4,0.0,0.0,3.0,20.0,,,Brimbank,0.62,1,0,1,0
KENSINGTON,92.0,10745.0,2.0,0.0,2.0,4.0,1246.0,0.9517,791.0,2549.0,1111.0,176.0,46.0,4676.0,16.9,74.6999969482422,30.3,14.0,0.0,2.0,12.0,2.0,2.0,Moonee Valley,0.37,3,2,2,1
KEW EAST,0.0,6620.0,2.0,0.0,2.0,4.0,1043.0,0.9595,100.0,825.0,1008.0,256.0,141.0,2337.0,4.3,66.1999969482422,27.5,43.0,0.0,6.0,33.0,,,Boroondara,0.6,3,2,2,1
KIALLA,173.0,8667.0,2.0,1.0,0.0,3.0,846.0,0.9675,43.0,633.0,1308.0,537.0,293.0,2810.0,1.5,65.5999984741211,34.7,0.0,0.0,1.0,24.0,,,Strathbogie,0.35,2,1,1,0
KIEWA,3.0,483.0,2.0,0.0,0.0,2.0,897.0,0.9398,0.0,20.0,68.0,26.0,26.0,145.0,0.0,67.1999969482422,38.3,0.0,0.0,0.0,0.0,,,Albury,4.14,0,0,0,0
KILMORE EAST,0.0,450.0,2.0,0.0,0.0,2.0,823.0,0.961,0.0,19.0,54.0,41.0,24.0,143.0,0.0,60.7999992370606,41.8,0.0,1.0,0.0,0.0,,,Macedon Ranges,4.44,0,0,0,0
KINGSBURY,0.0,3460.0,2.0,0.0,1.0,3.0,617.0,1.0546,165.0,555.0,424.0,111.0,63.0,1317.0,12.5,60.2999992370606,18.6,13.0,0.0,3.0,16.0,,,Darebin,0.87,2,1,2,0
KOO WEE RUP,41.0,4047.0,2.0,1.0,0.0,3.0,809.0,0.9345,50.0,356.0,575.0,231.0,162.0,1370.0,3.6,66.1999969482422,42.8,0.0,0.0,1.0,1.0,,,Baw Baw,0.74,3,2,2,1
KOONDROOK,9.0,1101.0,2.0,0.0,0.0,2.0,538.0,1.0599,13.0,132.0,176.0,76.0,40.0,444.0,2.9,46.9000015258789,38.6,0.0,0.0,1.0,1.0,,,Gannawarra,1.82,1,1,1,0
LAKE BOGA,0.0,982.0,2.0,0.0,0.0,2.0,746.0,1.0649,7.0,84.0,158.0,68.0,32.0,343.0,2.0,58.5999984741211,42.0,0.0,0.0,1.0,2.0,,,Swan Hill,2.04,1,1,1,0
LANGWARRIN SOUTH,46.0,1346.0,2.0,0.0,0.0,2.0,859.0,1.0424,0.0,34.0,131.0,115.0,112.0,394.0,0.0,70.3000030517578,42.9,0.0,0.0,1.0,10.0,,,Frankston,1.49,2,0,0,0
LEARMONTH,10.0,396.0,2.0,1.0,0.0,3.0,731.0,1.0785,5.0,42.0,57.0,34.0,18.0,152.0,3.3,66.0999984741211,33.1,0.0,0.0,0.0,0.0,,,Corangamite,7.58,0,0,0,0
LEITCHVILLE,21.0,576.0,2.0,0.0,0.0,2.0,603.0,1.1176,6.0,67.0,71.0,43.0,34.0,227.0,2.6,59.7000007629395,49.1,0.0,0.0,1.0,1.0,,,Loddon,3.47,1,1,1,0
LONGWARRY NORTH,35.0,230.0,2.0,1.0,0.0,3.0,526.0,1.4681,3.0,30.0,22.0,16.0,11.0,87.0,3.4,44.0999984741211,43.0,0.0,0.0,0.0,0.0,,,Cardinia,13.04,0,0,0,0
LUCKNOW,3.0,1439.0,2.0,0.0,0.0,2.0,708.0,0.989,12.0,154.0,205.0,76.0,65.0,517.0,2.3,56.5999984741211,41.7,0.0,0.0,2.0,4.0,,,East Gippsland,1.39,0,0,0,0
LYNDHURST,463.0,8926.0,2.0,0.0,0.0,2.0,955.0,1.0088,49.0,580.0,1294.0,391.0,166.0,2468.0,2.0,73.9000015258789,19.2,0.0,0.0,4.0,18.0,,,Greater Dandenong,0.22,1,1,1,0
MAINDAMPLE,0.0,239.0,2.0,0.0,0.0,2.0,696.0,1.2018,3.0,8.0,42.0,18.0,11.0,83.0,3.6,66.5,46.0,0.0,0.0,1.0,2.0,,,Murrindindi,8.37,0,0,0,0
MARONG,29.0,2005.0,2.0,1.0,0.0,3.0,900.0,1.003,0.0,120.0,320.0,135.0,72.0,645.0,0.0,73.0,41.4,0.0,0.0,1.0,2.0,,,Mount Alexander,1.5,1,1,1,0
MARYSVILLE,44.0,501.0,2.0,0.0,0.0,2.0,597.0,1.0962,3.0,98.0,77.0,22.0,16.0,221.0,1.4,45.9000015258789,39.7,0.0,0.0,1.0,2.0,,,Yarra Ranges,3.99,1,1,1,0
MARYVALE,0.0,43.0,2.0,0.0,0.0,2.0,630.0,0.8636,0.0,3.0,4.0,4.0,3.0,17.0,0.0,61.5,51.2,0.0,0.0,0.0,0.0,,,Latrobe (Vic.),46.51,0,0,0,0
MENTONE,311.0,13197.0,2.0,1.0,1.0,4.0,981.0,0.9012,421.0,2493.0,2026.0,430.0,225.0,5599.0,7.5,66.6999969482422,35.9,0.0,0.0,7.0,60.0,1.0,1.0,Kingston (Vic.),0.3,8,3,3,3
MERBEIN,3.0,2770.0,2.0,0.0,0.0,2.0,608.0,0.98,57.0,336.0,374.0,169.0,82.0,1017.0,5.6,52.2999992370606,43.9,0.0,0.0,2.0,24.0,,,Mildura,0.72,2,1,1,0
MERBEIN SOUTH,16.0,407.0,2.0,0.0,0.0,2.0,639.0,1.0609,0.0,18.0,53.0,38.0,30.0,140.0,0.0,63.9000015258789,36.6,0.0,0.0,0.0,0.0,,,Mildura,4.91,0,0,0,0
MERRIJIG,0.0,721.0,2.0,0.0,0.0,2.0,,,,,,,,,,,,0.0,0.0,0.0,0.0,,,Murrindindi,2.77,1,1,1,0
MIEPOLL,0.0,223.0,2.0,0.0,0.0,2.0,575.0,1.2,0.0,15.0,25.0,20.0,15.0,74.0,0.0,47.4000015258789,39.0,0.0,0.0,0.0,0.0,,,Murrindindi,8.97,0,0,0,0
MOORABBIN,0.0,6287.0,2.0,0.0,0.0,2.0,939.0,0.9681,175.0,940.0,944.0,242.0,79.0,2380.0,7.4,65.5999984741211,27.7,0.0,0.0,9.0,55.0,1.0,1.0,Kingston (Vic.),0.32,4,3,3,0
MOOROOPNA,4.0,8312.0,2.0,2.0,0.0,4.0,634.0,0.9627,223.0,1283.0,1099.0,419.0,188.0,3215.0,6.9,50.5,38.0,0.0,1.0,4.0,66.0,,,Greater Shepparton,0.48,4,3,4,0
MURCHISON EAST,14.0,140.0,2.0,0.0,0.0,2.0,531.0,1.3934,9.0,16.0,18.0,8.0,12.0,69.0,13.0,38.0999984741211,45.0,0.0,1.0,1.0,1.0,,,Strathbogie,14.29,0,0,0,0
MURRUMBEENA,222.0,9996.0,2.0,0.0,0.0,2.0,1035.0,0.9629,376.0,1820.0,1378.0,303.0,151.0,4035.0,9.3,71.0,26.0,0.0,0.0,9.0,51.0,1.0,1.0,Glen Eira,0.2,2,1,2,0
NAGAMBIE,10.0,2254.0,2.0,0.0,0.0,2.0,675.0,0.9798,48.0,362.0,323.0,119.0,73.0,927.0,5.2,51.5999984741211,39.8,0.0,1.0,1.0,3.0,,,Greater Shepparton,0.89,2,1,2,0
NAR NAR GOON,58.0,1023.0,2.0,1.0,0.0,3.0,776.0,1.0099,8.0,70.0,128.0,80.0,62.0,348.0,2.3,68.4000015258789,38.7,0.0,1.0,0.0,0.0,,,Cardinia,2.93,2,1,2,0
NARRE WARREN SOUTH,468.0,30909.0,2.0,0.0,0.0,2.0,749.0,0.9977,145.0,1740.0,3857.0,1735.0,1168.0,8651.0,1.7,67.0,21.6,0.0,0.0,10.0,110.0,,,Casey,0.06,5,3,3,0
NATHALIA,31.0,1982.0,2.0,3.0,0.0,5.0,628.0,1.0051,52.0,245.0,276.0,130.0,84.0,789.0,6.6,55.2000007629395,44.5,0.0,0.0,1.0,2.0,,,Moira,2.52,4,2,2,2
NORLANE,162.0,8682.0,2.0,0.0,2.0,4.0,494.0,0.9508,576.0,1577.0,899.0,280.0,121.0,3456.0,16.7,44.7000007629395,29.0,0.0,0.0,4.0,45.0,,,Greater Geelong,0.46,1,0,1,0
NORTH BENDIGO,0.0,4277.0,2.0,0.0,0.0,2.0,707.0,0.9314,123.0,728.0,534.0,167.0,91.0,1647.0,7.5,55.5999984741211,38.8,0.0,0.0,3.0,34.0,,,Greater Bendigo,0.47,0,0,0,0
NORTH WANGARATTA,122.0,282.0,2.0,1.0,0.0,3.0,789.0,1.1493,0.0,25.0,44.0,22.0,19.0,112.0,0.0,68.3000030517578,50.0,0.0,0.0,0.0,0.0,,,Moira,10.64,0,0,0,0
NOWA NOWA,11.0,199.0,2.0,0.0,0.0,2.0,558.0,1.3614,6.0,23.0,25.0,14.0,12.0,76.0,7.9,41.7999992370606,40.2,0.0,0.0,2.0,2.0,,,East Gippsland,10.05,0,0,0,0
NYAH,1.0,536.0,2.0,0.0,0.0,2.0,674.0,1.1349,14.0,69.0,83.0,37.0,17.0,219.0,6.4,57.7000007629395,36.0,0.0,0.0,1.0,3.0,,,Swan Hill,3.73,0,0,0,0
OUYEN,10.0,1170.0,2.0,0.0,0.0,2.0,614.0,1.0766,38.0,153.0,172.0,67.0,46.0,471.0,8.1,50.5,36.2,0.0,0.0,1.0,3.0,,,Hindmarsh,1.71,1,1,0,0
OXLEY,9.0,710.0,2.0,1.0,0.0,3.0,909.0,0.9091,3.0,43.0,112.0,44.0,40.0,248.0,1.2,68.0999984741211,41.3,0.0,0.0,1.0,2.0,,,Moira,4.23,1,1,1,0
PANTON HILL,4.0,1063.0,2.0,0.0,0.0,2.0,915.0,0.9398,3.0,55.0,126.0,80.0,85.0,346.0,0.9,66.1999969482422,47.2,0.0,0.0,0.0,0.0,,,Nillumbik,1.88,1,1,1,0
PARKDALE,88.0,12308.0,2.0,0.0,0.0,2.0,974.0,0.8979,269.0,1760.0,1944.0,494.0,263.0,4723.0,5.7,68.0999984741211,39.6,0.0,0.0,4.0,38.0,1.0,1.0,Kingston (Vic.),0.16,2,2,2,0
PARWAN,25.0,188.0,2.0,0.0,0.0,2.0,547.0,1.3659,0.0,6.0,20.0,8.0,14.0,54.0,0.0,52.0999984741211,22.9,0.0,0.0,0.0,0.0,,,Melton,10.64,0,0,0,0
PASCOE VALE SOUTH,365.0,10534.0,2.0,0.0,1.0,3.0,953.0,0.9337,264.0,1363.0,1511.0,399.0,216.0,3751.0,7.0,68.5999984741211,23.4,25.0,0.0,8.0,46.0,,,Moreland,0.28,2,1,1,0
PATTERSON LAKES,0.0,7793.0,2.0,1.0,0.0,3.0,871.0,0.948,139.0,932.0,1297.0,417.0,238.0,3018.0,4.6,65.3000030517578,36.9,0.0,0.0,3.0,29.0,,,Kingston (Vic.),0.38,1,1,1,0
PETERBOROUGH,3.0,322.0,2.0,1.0,0.0,3.0,796.0,1.0927,4.0,48.0,58.0,18.0,10.0,137.0,2.9,59.9000015258789,48.4,0.0,0.0,1.0,3.0,,,Corangamite,9.32,0,0,0,0
PIANGIL,5.0,230.0,2.0,0.0,0.0,2.0,776.0,1.3402,4.0,25.0,29.0,22.0,8.0,88.0,4.5,62.4000015258789,36.1,0.0,0.0,1.0,2.0,,,Swan Hill,8.7,0,0,0,0
PIRIES,3.0,66.0,2.0,0.0,0.0,2.0,743.0,1.0968,0.0,0.0,13.0,0.0,6.0,24.0,0.0,63.2000007629395,56.1,0.0,0.0,0.0,0.0,,,Murrindindi,30.3,0,0,0,0
PIRRON YALLOCK,20.0,132.0,2.0,0.0,0.0,2.0,575.0,1.1111,0.0,5.0,17.0,15.0,12.0,46.0,0.0,55.5999984741211,39.4,0.0,0.0,0.0,0.0,,,Corangamite,15.15,0,0,0,0
PLUMPTON,112.0,79.0,2.0,0.0,0.0,2.0,687.0,1.1081,0.0,4.0,6.0,4.0,8.0,19.0,0.0,56.7000007629395,13.9,0.0,0.0,0.0,0.0,,,Brimbank,25.32,0,0,0,0
PRAHRAN,489.0,12203.0,2.0,0.0,1.0,3.0,1378.0,0.9591,1401.0,3299.0,1205.0,181.0,67.0,6159.0,22.7,75.5999984741211,34.2,16.0,0.0,3.0,19.0,1.0,1.0,Port Phillip,0.25,0,0,0,0
QUARRY HILL,5.0,2365.0,2.0,0.0,0.0,2.0,863.0,0.9172,66.0,423.0,339.0,109.0,58.0,993.0,6.6,68.1999969482422,46.6,0.0,0.0,3.0,19.0,,,Greater Bendigo,0.85,2,1,2,0
RAVENSWOOD,28.0,443.0,2.0,0.0,0.0,2.0,766.0,0.9865,0.0,21.0,62.0,35.0,42.0,155.0,0.0,63.9000015258789,49.4,0.0,0.0,0.0,0.0,,,Greater Bendigo,4.51,0,0,0,0
RAVENSWOOD SOUTH,0.0,76.0,2.0,0.0,0.0,2.0,762.0,1.1429,0.0,6.0,13.0,7.0,6.0,29.0,0.0,60.5999984741211,32.9,0.0,0.0,0.0,0.0,,,Greater Bendigo,26.32,0,0,0,0
REDAN,0.0,3000.0,2.0,1.0,0.0,3.0,654.0,0.8917,155.0,646.0,426.0,121.0,46.0,1389.0,11.2,55.5999984741211,40.6,0.0,0.0,4.0,27.0,,,Ballarat,1.0,1,0,1,0
RICHMOND,0.0,28587.0,2.0,0.0,0.0,2.0,1356.0,0.9441,2567.0,7139.0,2760.0,528.0,134.0,13132.0,19.5,74.8000030517578,32.7,13.0,1.0,1.0,6.0,3.0,9.0,Yarra,0.07,9,6,4,4
ROBINVALE,15.0,3497.0,2.0,2.0,0.0,4.0,615.0,1.0834,86.0,280.0,331.0,155.0,106.0,954.0,9.0,53.0,15.3,0.0,0.0,1.0,1.0,,,Swan Hill,1.14,2,1,0,0
ROMSEY,37.0,5797.0,2.0,0.0,0.0,2.0,856.0,1.0021,23.0,407.0,839.0,429.0,286.0,1976.0,1.2,65.6999969482422,42.2,0.0,0.0,1.0,2.0,,,Macedon Ranges,0.35,1,1,1,0
ROSANNA,203.0,8616.0,2.0,0.0,1.0,3.0,974.0,0.9147,187.0,1268.0,1283.0,324.0,117.0,3177.0,5.9,65.0999984741211,31.5,0.0,0.0,5.0,43.0,1.0,1.0,Banyule,0.35,4,3,4,0
SAFETY BEACH,65.0,6328.0,2.0,0.0,0.0,2.0,731.0,0.9091,73.0,866.0,1090.0,307.0,163.0,2492.0,2.9,52.5,41.7,0.0,0.0,2.0,20.0,,,Mornington Peninsula,0.32,0,0,0,0
SCORESBY,10.0,6066.0,2.0,1.0,1.0,4.0,765.0,1.0166,52.0,570.0,943.0,318.0,168.0,2049.0,2.5,65.8000030517578,23.8,0.0,0.0,7.0,53.0,,,Knox,0.66,3,2,2,1
SEA LAKE,9.0,619.0,2.0,1.0,0.0,3.0,524.0,1.0839,16.0,101.0,74.0,46.0,16.0,257.0,6.2,47.0999984741211,42.6,0.0,0.0,1.0,1.0,,,Swan Hill,4.85,2,1,1,0
SORRENTO,30.0,2013.0,2.0,1.0,0.0,3.0,936.0,0.999,21.0,302.0,356.0,109.0,34.0,833.0,2.5,41.4000015258789,43.1,0.0,0.0,2.0,43.0,,,Mornington Peninsula,1.49,2,1,2,0
SPOTSWOOD,49.0,2820.0,2.0,0.0,0.0,2.0,1229.0,1.0464,58.0,427.0,431.0,94.0,36.0,1048.0,5.5,73.3000030517578,30.8,0.0,0.0,2.0,15.0,1.0,1.0,Hobsons Bay,0.71,2,1,2,0
ST HELENA,103.0,2890.0,2.0,0.0,0.0,2.0,925.0,0.8914,40.0,250.0,432.0,171.0,101.0,996.0,4.0,62.7000007629395,36.0,0.0,0.0,4.0,13.0,,,Nillumbik,0.69,1,0,1,0
ST KILDA,324.0,19490.0,2.0,2.0,6.0,10.0,1214.0,1.0228,2592.0,5742.0,1560.0,228.0,98.0,10216.0,25.4,72.4000015258789,32.5,0.0,0.0,6.0,35.0,,,Port Phillip,0.51,4,2,2,0
ST LEONARDS,31.0,3542.0,2.0,0.0,0.0,2.0,629.0,0.9505,44.0,569.0,671.0,172.0,80.0,1540.0,2.9,45.7999992370606,39.8,0.0,0.0,1.0,27.0,,,Greater Geelong,0.56,1,1,1,0
STRATFORD,30.0,2980.0,2.0,1.0,0.0,3.0,719.0,0.9761,21.0,291.0,487.0,206.0,129.0,1135.0,1.9,60.2000007629395,44.1,0.0,1.0,1.0,2.0,,,Alpine,1.01,2,1,2,0
STRATH CREEK,40.0,231.0,2.0,0.0,0.0,2.0,691.0,1.2941,0.0,9.0,31.0,14.0,6.0,64.0,0.0,47.0,33.8,0.0,0.0,0.0,0.0,,,Murrindindi,8.66,0,0,0,0
SWANWATER,1.0,10.0,2.0,0.0,0.0,2.0,1291.0,,0.0,0.0,0.0,0.0,0.0,8.0,0.0,62.5,60.0,0.0,0.0,0.0,0.0,,,Loddon,200.0,0,0,0,0
TALLYGAROOPNA,19.0,600.0,2.0,0.0,0.0,2.0,823.0,1.1277,3.0,33.0,67.0,44.0,39.0,185.0,1.6,65.3000030517578,40.7,0.0,0.0,1.0,2.0,,,Moira,3.33,1,1,1,0
TATURA,47.0,4955.0,2.0,0.0,0.0,2.0,715.0,0.9852,70.0,602.0,719.0,289.0,185.0,1865.0,3.8,56.4000015258789,38.2,0.0,0.0,1.0,1.0,,,Greater Shepparton,0.4,3,2,3,0
TAWONGA,24.0,568.0,2.0,0.0,0.0,2.0,689.0,0.9524,6.0,50.0,103.0,37.0,28.0,218.0,2.8,55.0999984741211,45.6,0.0,0.0,0.0,0.0,,,Alpine,3.52,1,1,1,0
THORNTON,2.0,311.0,2.0,0.0,0.0,2.0,657.0,1.0872,4.0,47.0,55.0,23.0,17.0,141.0,2.8,52.2000007629395,44.4,0.0,0.0,1.0,2.0,,,Murrindindi,6.43,0,0,0,0
TRAGOWEL,2.0,83.0,2.0,0.0,0.0,2.0,710.0,1.1351,0.0,3.0,10.0,3.0,9.0,30.0,0.0,60.0,43.4,0.0,0.0,0.0,0.0,,,Swan Hill,24.1,0,0,0,0
TYLDEN,1.0,645.0,2.0,0.0,0.0,2.0,917.0,0.8837,0.0,43.0,86.0,55.0,26.0,214.0,0.0,67.5999984741211,44.5,0.0,0.0,2.0,3.0,,,Mitchell,3.1,1,1,1,0
VENTNOR,9.0,982.0,2.0,0.0,0.0,2.0,694.0,0.9839,9.0,120.0,168.0,67.0,42.0,397.0,2.3,50.4000015258789,42.8,0.0,0.0,0.0,0.0,,,Bass Coast,2.04,1,0,1,0
VIEWBANK,34.0,7030.0,2.0,0.0,0.0,2.0,826.0,0.9667,90.0,749.0,1149.0,307.0,146.0,2442.0,3.7,62.0999984741211,26.0,0.0,0.0,2.0,26.0,,,Banyule,0.28,2,2,1,1
WALLINGTON,29.0,1515.0,2.0,0.0,0.0,2.0,754.0,0.9459,6.0,59.0,168.0,108.0,94.0,433.0,1.4,56.9000015258789,43.6,0.0,0.0,1.0,12.0,,,Greater Geelong,1.32,1,1,1,0
WANTIRNA,68.0,14237.0,2.0,1.0,2.0,5.0,762.0,0.9491,144.0,1377.0,2354.0,665.0,315.0,4861.0,3.0,60.7000007629395,24.1,0.0,0.0,9.0,46.0,,,Knox,0.35,5,4,4,1
WARRACKNABEAL,14.0,2359.0,2.0,0.0,0.0,2.0,637.0,0.9815,73.0,365.0,363.0,106.0,81.0,989.0,7.4,49.4000015258789,40.0,0.0,0.0,1.0,1.0,,,Hindmarsh,0.85,4,3,2,1
WARRENHEIP,45.0,721.0,2.0,0.0,0.0,2.0,735.0,1.0337,0.0,52.0,81.0,50.0,49.0,232.0,0.0,63.9000015258789,45.9,0.0,0.0,1.0,2.0,,,Corangamite,2.77,1,1,1,0
WATSONIA,0.0,5352.0,2.0,0.0,1.0,3.0,900.0,0.9597,149.0,843.0,823.0,186.0,77.0,2084.0,7.1,65.3000030517578,33.7,0.0,0.0,3.0,26.0,,,Banyule,0.56,2,1,1,1
WESTMEADOWS,404.0,6502.0,2.0,0.0,0.0,2.0,694.0,0.9206,131.0,823.0,995.0,299.0,131.0,2377.0,5.5,57.5999984741211,23.9,0.0,0.0,7.0,37.0,,,Hume,0.31,1,1,1,0
WILLIAMS LANDING,21.0,9448.0,2.0,0.0,1.0,3.0,1006.0,1.0954,77.0,996.0,1238.0,312.0,149.0,2772.0,2.8,73.9000015258789,22.8,0.0,0.0,8.0,26.0,1.0,1.0,Wyndham,0.32,0,0,0,0
WILLIAMSTOWN,145.0,14407.0,2.0,0.0,0.0,2.0,1106.0,0.9599,428.0,2161.0,2022.0,547.0,243.0,5409.0,7.9,65.4000015258789,36.6,0.0,0.0,3.0,63.0,3.0,1.0,Hobsons Bay,0.14,6,4,4,1
WINDSOR,0.0,7273.0,2.0,0.0,0.0,2.0,1278.0,0.9567,807.0,1934.0,641.0,118.0,46.0,3550.0,22.7,72.6999969482422,33.5,0.0,0.0,2.0,6.0,1.0,1.0,Port Phillip,0.27,2,2,1,1
WOODVALE,18.0,556.0,2.0,0.0,0.0,2.0,643.0,1.0145,0.0,28.0,58.0,49.0,48.0,181.0,0.0,59.2999992370606,37.8,0.0,0.0,0.0,0.0,,,Loddon,3.6,0,0,0,0
WOORI YALLOCK,64.0,2964.0,2.0,0.0,0.0,2.0,743.0,1.0246,27.0,287.0,450.0,190.0,133.0,1086.0,2.5,66.5,46.5,0.0,0.0,2.0,14.0,,,Cardinia,0.67,1,1,1,0
WOOROONOOK,1.0,26.0,2.0,0.0,0.0,2.0,612.0,1.1667,0.0,3.0,6.0,4.0,3.0,14.0,0.0,60.0,34.6,0.0,0.0,0.0,0.0,,,Loddon,76.92,0,0,0,0
WUNGHNU,10.0,326.0,2.0,4.0,0.0,6.0,666.0,1.0443,0.0,32.0,45.0,28.0,21.0,126.0,0.0,57.7999992370606,44.2,0.0,0.0,1.0,2.0,,,Moira,18.4,1,1,1,0
YARRA GLEN,90.0,3012.0,2.0,0.0,0.0,2.0,839.0,0.9934,23.0,244.0,489.0,167.0,141.0,1068.0,2.2,64.9000015258789,49.5,0.0,0.0,3.0,4.0,,,Nillumbik,0.66,1,1,1,0
YARRAM,8.0,2136.0,2.0,0.0,0.0,2.0,523.0,0.9041,67.0,362.0,297.0,121.0,59.0,903.0,7.4,44.9000015258789,42.8,0.0,0.0,1.0,1.0,,,,0.94,3,2,2,1
YARRAVILLE,280.0,15636.0,2.0,0.0,4.0,6.0,1246.0,0.9459,569.0,2732.0,2134.0,430.0,142.0,6007.0,9.5,74.0,33.0,2.0,0.0,9.0,87.0,1.0,1.0,Maribyrnong,0.38,5,4,4,0
BELMONT,130.0,15066.0,1.0,0.0,1.0,2.0,802.0,0.9491,419.0,2591.0,2303.0,572.0,242.0,6126.0,6.8,63.0,40.2,0.0,0.0,9.0,62.0,,,Greater Geelong,0.13,7,6,5,1
BENDIGO,374.0,5652.0,1.0,0.0,1.0,2.0,821.0,0.9619,244.0,1119.0,787.0,230.0,98.0,2480.0,9.8,60.7999992370606,42.3,0.0,1.0,15.0,72.0,,,Greater Bendigo,0.35,13,8,5,4
CONNEWARRE,114.0,953.0,1.0,0.0,0.0,1.0,1011.0,0.9854,0.0,56.0,193.0,57.0,29.0,338.0,0.0,60.9000015258789,43.0,0.0,0.0,1.0,6.0,,,Surf Coast,1.05,0,0,0,0
SOUTH MELBOURNE,0.0,11548.0,1.0,0.0,2.0,3.0,1307.0,0.9649,1281.0,3051.0,973.0,120.0,49.0,5482.0,23.4,68.3000030517578,32.1,0.0,0.0,3.0,16.0,,,Port Phillip,0.26,3,1,1,1
WINCHELSEA,26.0,2456.0,1.0,0.0,0.0,1.0,749.0,0.9601,32.0,273.0,379.0,143.0,110.0,931.0,3.4,57.4000015258789,41.9,0.0,1.0,0.0,0.0,,,Colac Otway,0.41,1,1,1,0
AIRPORT WEST,160.0,8173.0,1.0,0.0,0.0,1.0,883.0,0.9494,229.0,1407.0,1291.0,340.0,137.0,3402.0,6.7,64.1999969482422,23.8,0.0,0.0,11.0,49.0,,,Brimbank,0.12,1,0,1,0
ALBANVALE,0.0,5641.0,1.0,0.0,0.0,1.0,488.0,1.019,109.0,594.0,718.0,250.0,103.0,1777.0,6.1,50.4000015258789,21.8,0.0,0.0,2.0,22.0,,,Brimbank,0.18,1,1,1,0
ALBERTON,8.0,297.0,1.0,0.0,0.0,1.0,488.0,0.98,3.0,34.0,54.0,18.0,12.0,123.0,2.4,48.0,47.5,0.0,0.0,1.0,2.0,,,,3.37,1,1,1,0
ALLANSFORD,36.0,1410.0,1.0,0.0,0.0,1.0,821.0,0.9636,13.0,120.0,207.0,92.0,77.0,509.0,2.6,67.0,40.1,0.0,0.0,1.0,6.0,,,Moyne,0.71,1,1,1,0
ALPHINGTON,0.0,5702.0,1.0,0.0,0.0,1.0,1199.0,0.9176,160.0,961.0,821.0,199.0,81.0,2232.0,7.2,71.0999984741211,33.1,0.0,0.0,6.0,28.0,1.0,1.0,Yarra,0.18,3,1,2,0
AMPHITHEATRE,7.0,223.0,1.0,0.0,0.0,1.0,583.0,0.9478,0.0,35.0,36.0,13.0,20.0,104.0,0.0,50.5,44.8,0.0,0.0,0.0,0.0,,,Northern Grampians,4.48,1,1,1,0
ANDERSON,0.0,26.0,1.0,2.0,0.0,3.0,710.0,1.4444,0.0,3.0,0.0,5.0,3.0,12.0,0.0,47.5999984741211,65.4,0.0,0.0,1.0,1.0,,,Bass Coast,115.38,0,0,0,0
ANGLESEA,47.0,3208.0,1.0,0.0,0.0,1.0,852.0,0.9615,37.0,413.0,576.0,149.0,58.0,1228.0,3.0,54.7999992370606,43.3,0.0,0.0,1.0,5.0,,,Surf Coast,0.31,1,1,1,0
APOLLO BAY,13.0,1790.0,1.0,3.0,0.0,4.0,695.0,1.0079,36.0,337.0,237.0,77.0,20.0,703.0,5.1,52.5999984741211,38.9,0.0,0.0,1.0,3.0,,,Colac Otway,2.23,1,1,0,0
APSLEY,6.0,329.0,1.0,0.0,0.0,1.0,702.0,1.1503,3.0,38.0,44.0,25.0,21.0,132.0,2.3,51.5999984741211,37.4,0.0,0.0,0.0,0.0,,,West Wimmera,3.04,1,1,1,0
ARCADIA,1.0,212.0,1.0,0.0,0.0,1.0,779.0,1.2632,0.0,4.0,26.0,29.0,16.0,77.0,0.0,69.0,46.7,0.0,0.0,0.0,0.0,,,Strathbogie,4.72,0,0,0,0
ARCADIA SOUTH,7.0,95.0,1.0,0.0,0.0,1.0,739.0,0.8571,0.0,9.0,15.0,11.0,4.0,30.0,0.0,57.7999992370606,54.7,0.0,0.0,0.0,0.0,,,Strathbogie,10.53,0,0,0,0
ARGYLE,9.0,272.0,1.0,0.0,0.0,1.0,497.0,1.1654,3.0,42.0,38.0,18.0,11.0,106.0,2.8,37.7999992370606,36.8,0.0,0.0,0.0,0.0,,,Mitchell,3.68,0,0,0,0
ARMSTRONG,2.0,90.0,1.0,0.0,0.0,1.0,820.0,1.1951,0.0,3.0,15.0,9.0,9.0,35.0,0.0,63.4000015258789,47.8,0.0,0.0,0.0,0.0,,,Northern Grampians,11.11,0,0,0,0
ARMSTRONG CREEK,0.0,11247.0,1.0,0.0,0.0,1.0,997.0,0.9426,43.0,1006.0,1978.0,468.0,203.0,3694.0,1.2,79.0,39.1,0.0,0.0,6.0,50.0,,,Surf Coast,0.09,4,2,2,1
ARTHURS CREEK,10.0,478.0,1.0,0.0,0.0,1.0,834.0,1.0,0.0,12.0,35.0,43.0,57.0,152.0,0.0,62.5999984741211,48.5,0.0,0.0,0.0,0.0,,,Nillumbik,2.09,1,1,1,0
ASPENDALE GARDENS,80.0,6427.0,1.0,1.0,2.0,4.0,810.0,0.9882,60.0,572.0,945.0,353.0,216.0,2150.0,2.8,66.6999969482422,29.3,0.0,0.0,3.0,17.0,,,Kingston (Vic.),0.62,1,1,1,0
AVOCA,20.0,1356.0,1.0,0.0,0.0,1.0,503.0,1.0452,22.0,187.0,190.0,95.0,56.0,543.0,4.1,43.2000007629395,43.7,0.0,0.0,0.0,0.0,,,Pyrenees,0.74,1,1,1,0
AVONMORE,1.0,42.0,1.0,0.0,0.0,1.0,687.0,0.8462,0.0,0.0,7.0,3.0,5.0,16.0,0.0,65.0,23.8,0.0,0.0,0.0,0.0,,,Greater Bendigo,23.81,0,0,0,0
AXE CREEK,7.0,452.0,1.0,0.0,0.0,1.0,804.0,1.088,0.0,13.0,46.0,37.0,34.0,136.0,0.0,67.5999984741211,41.8,0.0,0.0,0.0,0.0,,,Mount Alexander,2.21,1,1,1,0
AXEDALE,37.0,984.0,1.0,0.0,0.0,1.0,813.0,1.0957,0.0,61.0,129.0,74.0,54.0,317.0,0.0,65.8000030517578,40.7,0.0,0.0,0.0,0.0,,,Mount Alexander,1.02,1,1,1,0
BADGER CREEK,0.0,1610.0,1.0,0.0,0.0,1.0,683.0,0.9586,12.0,195.0,231.0,106.0,57.0,600.0,2.0,60.0,45.3,0.0,0.0,2.0,5.0,,,Murrindindi,0.62,0,0,0,0
BAGSHOT,13.0,355.0,1.0,0.0,0.0,1.0,785.0,0.989,0.0,11.0,42.0,28.0,30.0,115.0,0.0,64.8000030517578,37.5,0.0,0.0,0.0,0.0,,,Mount Alexander,2.82,0,0,0,0
BALD HILLS,1.0,114.0,1.0,1.0,0.0,2.0,684.0,1.3125,0.0,7.0,12.0,10.0,13.0,40.0,0.0,68.5,44.7,0.0,0.0,0.0,0.0,,,Central Goldfields,17.54,0,0,0,0
BALLARAT CENTRAL,115.0,5378.0,1.0,2.0,0.0,3.0,821.0,0.8987,215.0,1108.0,765.0,166.0,62.0,2311.0,9.3,61.9000015258789,41.4,0.0,1.0,14.0,55.0,,,Ballarat,0.56,0,0,0,0
BALMORAL,3.0,281.0,1.0,0.0,0.0,1.0,689.0,1.0144,0.0,30.0,38.0,27.0,27.0,124.0,0.0,54.5,49.1,0.0,0.0,0.0,0.0,,,Southern Grampians,3.56,1,1,0,0
BAREP,0.0,,1.0,0.0,0.0,1.0,,,,,,,,,,,,0.0,0.0,0.0,0.0,,,,,0,0,0,0
BARJARG,9.0,141.0,1.0,0.0,0.0,1.0,1017.0,0.9859,0.0,8.0,18.0,17.0,7.0,53.0,0.0,62.4000015258789,49.6,0.0,0.0,0.0,0.0,,,Murrindindi,7.09,0,0,0,0
BARKERS CREEK,20.0,487.0,1.0,0.0,0.0,1.0,778.0,1.2182,0.0,47.0,88.0,36.0,14.0,186.0,0.0,58.5999984741211,41.7,0.0,0.0,1.0,1.0,,,Hepburn,2.05,0,0,0,0
BARNAWARTHA,3.0,987.0,1.0,1.0,0.0,2.0,843.0,1.0353,0.0,57.0,164.0,72.0,52.0,348.0,0.0,68.4000015258789,44.2,0.0,0.0,0.0,0.0,,,Indigo,2.03,1,1,1,0
BARONGAROOK,8.0,458.0,1.0,0.0,0.0,1.0,719.0,1.0175,0.0,22.0,66.0,28.0,36.0,160.0,0.0,65.3000030517578,46.3,0.0,0.0,0.0,0.0,,,Corangamite,2.18,0,0,0,0
BARWON DOWNS,4.0,136.0,1.0,0.0,0.0,1.0,560.0,1.2373,0.0,17.0,19.0,13.0,6.0,56.0,0.0,64.3000030517578,44.9,0.0,0.0,0.0,0.0,,,Colac Otway,7.35,0,0,0,0
BARWON HEADS,0.0,4353.0,1.0,0.0,0.0,1.0,1030.0,0.9382,31.0,449.0,753.0,217.0,77.0,1532.0,2.0,58.2999992370606,44.5,0.0,0.0,1.0,25.0,,,Surf Coast,0.23,1,1,1,0
BAYLES,18.0,445.0,1.0,0.0,0.0,1.0,752.0,0.9351,3.0,24.0,47.0,38.0,34.0,146.0,2.1,67.1999969482422,43.8,0.0,0.0,0.0,0.0,,,Baw Baw,2.25,1,1,1,0
BAYSWATER NORTH,88.0,9014.0,1.0,0.0,2.0,3.0,839.0,0.9374,153.0,1198.0,1394.0,412.0,198.0,3360.0,4.6,64.6999969482422,34.5,0.0,0.0,5.0,66.0,,,Maroondah,0.33,1,1,1,0
BENGWORDEN,5.0,93.0,1.0,0.0,0.0,1.0,687.0,1.0,0.0,4.0,17.0,8.0,10.0,27.0,0.0,63.2000007629395,38.7,0.0,0.0,0.0,0.0,,,East Gippsland,10.75,0,0,0,0
BEREMBOKE,9.0,165.0,1.0,0.0,0.0,1.0,845.0,1.141,0.0,3.0,25.0,15.0,14.0,58.0,0.0,69.5999984741211,40.0,0.0,0.0,0.0,0.0,,,Golden Plains,6.06,0,0,0,0
BERRINGAMA,0.0,35.0,1.0,0.0,0.0,1.0,933.0,1.4667,0.0,3.0,7.0,5.0,0.0,15.0,0.0,55.9000015258789,25.7,0.0,0.0,0.0,0.0,,,Albury,28.57,0,0,0,0
BERRIWILLOCK,2.0,180.0,1.0,0.0,0.0,1.0,658.0,1.1341,0.0,18.0,28.0,13.0,17.0,72.0,0.0,54.7999992370606,41.1,0.0,0.0,1.0,2.0,,,Buloke,5.56,0,0,0,0
BERRYBANK,6.0,37.0,1.0,1.0,0.0,2.0,866.0,1.4375,0.0,0.0,4.0,0.0,8.0,9.0,0.0,62.5,35.1,0.0,0.0,0.0,0.0,,,Golden Plains,54.05,0,0,0,0
BERRYS CREEK,0.0,174.0,1.0,0.0,0.0,1.0,814.0,1.0222,0.0,14.0,22.0,19.0,8.0,61.0,0.0,60.0,48.9,0.0,0.0,0.0,0.0,,,Baw Baw,5.75,0,0,0,0
BEULAH,8.0,312.0,1.0,0.0,0.0,1.0,629.0,1.1409,6.0,24.0,50.0,26.0,25.0,131.0,4.6,49.4000015258789,42.6,0.0,0.0,1.0,3.0,,,Hindmarsh,3.21,1,1,1,0
BEVERFORD,2.0,337.0,1.0,0.0,0.0,1.0,687.0,1.1548,4.0,18.0,42.0,21.0,20.0,111.0,3.6,60.5999984741211,33.5,0.0,0.0,0.0,0.0,,,Swan Hill,2.97,1,1,1,0
BIRDWOODTON,0.0,748.0,1.0,0.0,0.0,1.0,794.0,1.1014,3.0,36.0,94.0,46.0,42.0,219.0,1.4,61.0,29.9,0.0,0.0,1.0,6.0,,,Mildura,1.34,0,0,0,0
BIRREGURRA,36.0,942.0,1.0,0.0,0.0,1.0,782.0,1.0368,5.0,106.0,165.0,39.0,40.0,361.0,1.4,63.7999992370606,45.6,0.0,1.0,0.0,0.0,,,Surf Coast,1.06,1,1,1,0
BLACK HILL,0.0,2124.0,1.0,1.0,0.0,2.0,805.0,0.9667,55.0,378.0,318.0,66.0,40.0,853.0,6.4,60.7000007629395,44.8,0.0,0.0,3.0,13.0,,,Ballarat,0.94,0,0,0,0
BLACKBURN,58.0,14478.0,1.0,0.0,1.0,2.0,942.0,0.9529,354.0,2417.0,2017.0,465.0,257.0,5504.0,6.4,64.8000030517578,31.3,0.0,0.0,9.0,79.0,2.0,1.0,Whitehorse,0.14,5,4,4,1
BLAIRGOWRIE,11.0,2786.0,1.0,0.0,0.0,1.0,787.0,0.9586,21.0,367.0,549.0,138.0,51.0,1129.0,1.9,45.4000015258789,44.7,0.0,0.0,2.0,32.0,,,Mornington Peninsula,0.36,0,0,0,0
BLAMPIED,7.0,237.0,1.0,0.0,0.0,1.0,739.0,1.0175,0.0,18.0,32.0,22.0,10.0,82.0,0.0,59.9000015258789,35.4,0.0,0.0,1.0,2.0,,,Central Goldfields,4.22,0,0,0,0
BLIND BIGHT,0.0,1290.0,1.0,0.0,0.0,1.0,807.0,1.014,4.0,78.0,209.0,98.0,58.0,446.0,0.9,66.0999984741211,44.6,0.0,0.0,1.0,11.0,,,Cardinia,0.78,0,0,0,0
BOINKA,0.0,14.0,1.0,0.0,0.0,1.0,350.0,0.4444,0.0,0.0,0.0,0.0,0.0,3.0,0.0,40.0,50.0,0.0,0.0,0.0,0.0,,,Hindmarsh,71.43,0,0,0,0
BONEGILLA,4.0,610.0,1.0,0.0,0.0,1.0,988.0,0.9216,0.0,11.0,40.0,36.0,26.0,111.0,0.0,80.5999984741211,37.4,0.0,0.0,0.0,0.0,,,Albury,1.64,0,0,0,0
BOORONGIE NORTH,0.0,,1.0,0.0,0.0,1.0,,,,,,,,,,,,0.0,0.0,0.0,0.0,,,,,0,0,0,0
BORALMA,0.0,79.0,1.0,0.0,0.0,1.0,700.0,1.1282,0.0,0.0,9.0,11.0,3.0,27.0,0.0,75.0,35.4,0.0,0.0,0.0,0.0,,,Indigo,12.66,0,0,0,0
BOTANIC RIDGE,0.0,6739.0,1.0,0.0,0.0,1.0,1093.0,0.9618,12.0,324.0,1185.0,353.0,194.0,2068.0,0.6,79.6999969482422,40.2,0.0,0.0,2.0,13.0,,,Frankston,0.15,1,1,1,0
BOUNDARY BEND,3.0,154.0,1.0,0.0,0.0,1.0,752.0,1.6,0.0,14.0,13.0,7.0,8.0,51.0,0.0,50.0,35.7,0.0,0.0,1.0,2.0,,,Swan Hill,6.49,0,0,0,0
BOWMANS FOREST,2.0,106.0,1.0,0.0,0.0,1.0,892.0,1.3261,0.0,0.0,21.0,8.0,7.0,40.0,0.0,68.9000015258789,54.7,0.0,0.0,0.0,0.0,,,Wangaratta,9.43,0,0,0,0
BRANXHOLME,6.0,304.0,1.0,0.0,0.0,1.0,728.0,1.0479,3.0,24.0,45.0,30.0,23.0,120.0,2.5,62.0999984741211,44.1,0.0,0.0,1.0,1.0,,,Glenelg,3.29,1,1,1,0
BREAKWATER,102.0,1060.0,1.0,0.0,0.0,1.0,655.0,0.9397,31.0,204.0,143.0,44.0,20.0,444.0,7.0,52.9000015258789,36.0,0.0,0.0,2.0,14.0,,,Greater Geelong,0.94,0,0,0,0
BRIDGEWATER,2.0,133.0,1.0,0.0,0.0,1.0,866.0,0.9855,3.0,7.0,13.0,17.0,14.0,55.0,5.5,63.5,42.1,0.0,0.0,0.0,0.0,,,Greater Bendigo,7.52,0,0,0,0
BRIDGEWATER ON LODDON,4.0,341.0,1.0,0.0,0.0,1.0,609.0,1.0,5.0,43.0,51.0,25.0,10.0,134.0,3.7,52.0999984741211,42.2,0.0,0.0,1.0,2.0,,,Greater Bendigo,2.93,1,1,1,0
BRIGHT,2.0,2620.0,1.0,0.0,0.0,1.0,774.0,0.9618,42.0,413.0,385.0,121.0,65.0,1026.0,4.1,55.5999984741211,41.9,0.0,0.0,1.0,1.0,,,Unincorporated Vic,0.38,1,1,0,0
BRIM,2.0,181.0,1.0,0.0,0.0,1.0,703.0,1.0112,0.0,9.0,22.0,12.0,17.0,58.0,0.0,54.2999992370606,43.1,0.0,0.0,1.0,2.0,,,Yarriambiack,5.52,0,0,0,0
BRIMPAEN,0.0,80.0,1.0,0.0,0.0,1.0,817.0,1.1765,0.0,8.0,7.0,4.0,10.0,28.0,0.0,66.1999969482422,47.5,0.0,0.0,0.0,0.0,,,Horsham,12.5,0,0,0,0
BROADMEADOWS,108.0,12524.0,1.0,0.0,0.0,1.0,478.0,1.1399,512.0,1540.0,1073.0,355.0,208.0,3692.0,13.9,44.7999992370606,10.9,0.0,1.0,11.0,72.0,1.0,5.0,Hume,0.08,10,6,4,2
BRONZEWING,0.0,,1.0,0.0,0.0,1.0,,,,,,,,,,,,0.0,0.0,0.0,0.0,,,,,0,0,0,0
BROOKLYN,57.0,1979.0,1.0,1.0,0.0,2.0,1064.0,1.1234,57.0,349.0,326.0,71.0,33.0,833.0,6.8,69.4000015258789,23.2,0.0,0.0,7.0,27.0,,,Brimbank,1.01,1,0,1,0
BROWN HILL,0.0,4489.0,1.0,1.0,0.0,2.0,875.0,0.9517,64.0,546.0,757.0,212.0,126.0,1711.0,3.7,67.3000030517578,42.3,0.0,0.0,2.0,16.0,,,Ballarat,0.45,1,1,1,0
BROWNS PLAINS,7.0,99.0,1.0,0.0,0.0,1.0,746.0,0.9615,0.0,4.0,15.0,10.0,10.0,38.0,0.0,69.0,44.4,0.0,0.0,0.0,0.0,,,Wangaratta,10.1,0,0,0,0
BRUNSWICK EAST,514.0,13279.0,1.0,0.0,0.0,1.0,1252.0,0.8776,1191.0,3642.0,1139.0,246.0,90.0,6312.0,18.9,77.8000030517578,31.6,0.0,0.0,7.0,33.0,,,Moreland,0.08,3,2,3,0
BRUTHEN,11.0,820.0,1.0,0.0,0.0,1.0,625.0,0.9829,11.0,82.0,132.0,63.0,34.0,324.0,3.4,59.0999984741211,42.6,0.0,0.0,1.0,2.0,,,East Gippsland,1.22,1,1,1,0
BUANGOR,12.0,112.0,1.0,0.0,0.0,1.0,602.0,0.8,3.0,9.0,14.0,6.0,7.0,47.0,6.4,49.4000015258789,50.0,0.0,0.0,1.0,1.0,,,Pyrenees,8.93,1,1,1,0
BULLAROOK,8.0,77.0,1.0,0.0,0.0,1.0,756.0,1.2647,0.0,10.0,9.0,4.0,8.0,30.0,0.0,52.2000007629395,26.0,0.0,0.0,0.0,0.0,,,Corangamite,12.99,0,0,0,0
BULLIOH,16.0,63.0,1.0,0.0,0.0,1.0,665.0,0.8649,0.0,6.0,7.0,15.0,7.0,30.0,0.0,71.4000015258789,36.5,0.0,0.0,0.0,0.0,,,Towong,15.87,0,0,0,0
BUNBARTHA,11.0,313.0,1.0,1.0,0.0,2.0,1004.0,1.0592,0.0,8.0,31.0,33.0,21.0,99.0,0.0,69.1999969482422,38.7,0.0,0.0,1.0,3.0,,,Moira,6.39,0,0,0,0
BUNDALONG,5.0,512.0,1.0,2.0,0.0,3.0,733.0,1.0472,0.0,51.0,73.0,37.0,27.0,190.0,0.0,59.2000007629395,44.9,0.0,0.0,0.0,0.0,,,Moira,5.86,0,0,0,0
BUNDING,0.0,61.0,1.0,0.0,0.0,1.0,668.0,1.1,0.0,4.0,10.0,8.0,6.0,25.0,0.0,63.0,47.5,0.0,0.0,0.0,0.0,,,Golden Plains,16.39,0,0,0,0
BUNGALALLY,6.0,93.0,1.0,0.0,0.0,1.0,810.0,0.9375,0.0,0.0,15.0,8.0,12.0,36.0,0.0,74.4000015258789,43.0,0.0,0.0,0.0,0.0,,,Northern Grampians,10.75,0,0,0,0
BUNKERS HILL,20.0,270.0,1.0,0.0,0.0,1.0,655.0,0.9556,0.0,14.0,34.0,19.0,29.0,92.0,0.0,65.1999969482422,39.3,0.0,0.0,0.0,0.0,,,Corangamite,3.7,0,0,0,0
BUNYIP,2.0,3131.0,1.0,0.0,0.0,1.0,779.0,0.9748,28.0,226.0,399.0,184.0,158.0,1000.0,2.8,63.0,42.4,0.0,1.0,0.0,0.0,,,Cardinia,0.32,2,1,2,0
BUNYIP NORTH,0.0,95.0,1.0,1.0,0.0,2.0,725.0,1.0455,0.0,5.0,11.0,6.0,8.0,28.0,0.0,59.2999992370606,35.8,0.0,0.0,0.0,0.0,,,Cardinia,21.05,0,0,0,0
BURNLEY,0.0,794.0,1.0,0.0,0.0,1.0,1418.0,0.9345,44.0,170.0,92.0,20.0,7.0,337.0,13.1,75.0999984741211,38.3,0.0,0.0,1.0,1.0,1.0,1.0,Yarra,1.26,0,0,0,0
BURNSIDE,28.0,5800.0,1.0,1.0,0.0,2.0,676.0,0.9558,93.0,493.0,685.0,289.0,156.0,1715.0,5.4,59.5999984741211,11.8,0.0,0.0,3.0,19.0,,,Brimbank,0.34,1,1,1,0
BURRAMINE,11.0,241.0,1.0,0.0,0.0,1.0,847.0,1.2037,0.0,5.0,32.0,16.0,17.0,69.0,0.0,70.3000030517578,29.9,0.0,0.0,1.0,1.0,,,Moira,4.15,0,0,0,0
BURRUMBEET,6.0,249.0,1.0,0.0,0.0,1.0,610.0,1.1638,4.0,45.0,40.0,15.0,9.0,108.0,3.7,49.0999984741211,37.3,0.0,0.0,1.0,2.0,,,Corangamite,4.02,0,0,0,0
BUXTON,1.0,591.0,1.0,0.0,0.0,1.0,698.0,1.0381,3.0,46.0,101.0,47.0,34.0,225.0,1.3,53.7000007629395,44.2,0.0,0.0,1.0,3.0,,,Murrindindi,1.69,1,1,1,0
BYADUK,3.0,129.0,1.0,0.0,0.0,1.0,956.0,1.0,3.0,11.0,18.0,13.0,14.0,57.0,5.3,74.8000030517578,36.4,0.0,0.0,1.0,1.0,,,Glenelg,7.75,0,0,0,0
BYLANDS,9.0,117.0,1.0,0.0,0.0,1.0,949.0,0.9672,0.0,11.0,10.0,12.0,13.0,41.0,0.0,71.4000015258789,33.3,0.0,0.0,0.0,0.0,,,Macedon Ranges,8.55,0,0,0,0
BYRNESIDE,12.0,161.0,1.0,0.0,0.0,1.0,543.0,1.0127,0.0,10.0,20.0,18.0,8.0,58.0,0.0,59.2999992370606,49.1,0.0,0.0,0.0,0.0,,,Greater Shepparton,6.21,0,0,0,0
BYRNEVILLE,0.0,,1.0,0.0,0.0,1.0,,,,,,,,,,,,0.0,0.0,0.0,0.0,,,,,0,0,0,0
CABARITA,14.0,482.0,1.0,0.0,0.0,1.0,903.0,1.0168,3.0,22.0,64.0,34.0,28.0,152.0,2.0,63.9000015258789,28.8,0.0,0.0,1.0,6.0,,,Mildura,2.07,1,1,1,0
CAMBRIAN HILL,14.0,292.0,1.0,0.0,0.0,1.0,866.0,1.0284,0.0,9.0,31.0,33.0,15.0,89.0,0.0,70.1999969482422,42.1,0.0,0.0,0.0,0.0,,,Corangamite,3.42,0,0,0,0
CAMPBELLS FOREST,8.0,50.0,1.0,0.0,0.0,1.0,942.0,1.0,0.0,8.0,8.0,0.0,7.0,19.0,0.0,71.0999984741211,36.0,0.0,0.0,0.0,0.0,,,Loddon,20.0,0,0,0,0
CAMPBELLTOWN,5.0,51.0,1.0,0.0,0.0,1.0,474.0,1.25,0.0,4.0,12.0,0.0,0.0,19.0,0.0,48.7000007629395,41.2,0.0,0.0,1.0,1.0,,,Central Goldfields,19.61,0,0,0,0
CANARY ISLAND SOUTH,0.0,,1.0,0.0,0.0,1.0,,,,,,,,,,,,0.0,0.0,0.0,0.0,,,,,0,0,0,0
CANTERBURY,45.0,7800.0,1.0,0.0,0.0,1.0,1102.0,0.8982,144.0,979.0,1126.0,346.0,169.0,2765.0,5.2,58.7999992370606,30.1,0.0,0.0,2.0,22.0,1.0,1.0,Boroondara,0.13,6,3,1,2
CAPE CLEAR,13.0,148.0,1.0,0.0,0.0,1.0,585.0,0.9861,0.0,15.0,27.0,10.0,11.0,63.0,0.0,56.2999992370606,50.0,0.0,0.0,0.0,0.0,,,Moyne,6.76,1,1,1,0
CARAPOOEE,0.0,60.0,1.0,0.0,0.0,1.0,585.0,1.0,0.0,5.0,3.0,11.0,4.0,27.0,0.0,47.9000015258789,36.7,0.0,0.0,0.0,0.0,,,Loddon,16.67,0,0,0,0
CARDIGAN,103.0,1064.0,1.0,0.0,0.0,1.0,883.0,1.0845,4.0,27.0,111.0,90.0,79.0,303.0,1.3,75.4000015258789,38.2,0.0,0.0,0.0,0.0,,,Corangamite,0.94,0,0,0,0
CARDROSS,4.0,847.0,1.0,0.0,0.0,1.0,733.0,1.105,8.0,44.0,117.0,59.0,57.0,275.0,2.9,64.6999969482422,34.6,0.0,0.0,0.0,0.0,,,Mildura,1.18,1,1,1,0
CARINA,0.0,26.0,1.0,0.0,0.0,1.0,849.0,1.8889,0.0,3.0,0.0,7.0,3.0,9.0,0.0,81.8000030517578,53.8,0.0,0.0,0.0,0.0,,,Mildura,38.46,0,0,0,0
CARISBROOK,8.0,1192.0,1.0,1.0,0.0,2.0,603.0,1.0393,14.0,118.0,169.0,76.0,64.0,440.0,3.2,55.2999992370606,48.5,0.0,0.0,1.0,2.0,,,Mount Alexander,1.68,1,1,1,0
CARLTON,0.0,16055.0,0.0,0.0,3.0,3.0,659.0,0.959,3294.0,2714.0,620.0,103.0,46.0,6778.0,48.6,63.2000007629395,24.7,0.0,0.0,8.0,37.0,,,Melbourne,0.19,2,2,2,0
CARLTON NORTH,434.0,6177.0,1.0,0.0,0.0,1.0,1208.0,0.901,416.0,1347.0,639.0,137.0,46.0,2583.0,16.1,75.6999969482422,37.0,0.0,0.0,5.0,20.0,,,Moreland,0.16,2,2,2,0
CARRANBALLAC,3.0,43.0,1.0,0.0,0.0,1.0,762.0,1.0526,0.0,0.0,0.0,3.0,6.0,14.0,0.0,69.4000015258789,44.2,0.0,0.0,0.0,0.0,,,Ararat,23.26,0,0,0,0
CATHKIN,0.0,27.0,1.0,0.0,0.0,1.0,900.0,0.8235,0.0,0.0,7.0,0.0,3.0,16.0,0.0,51.9000015258789,51.9,0.0,0.0,0.0,0.0,,,Murrindindi,37.04,0,0,0,0
CAULFIELD EAST,254.0,1293.0,1.0,0.0,0.0,1.0,868.0,0.9577,115.0,236.0,149.0,41.0,15.0,556.0,20.7,68.9000015258789,26.0,15.0,1.0,3.0,10.0,1.0,1.0,Glen Eira,0.77,1,1,0,1
CAVENDISH,6.0,366.0,1.0,0.0,0.0,1.0,732.0,1.0674,0.0,34.0,55.0,31.0,17.0,141.0,0.0,59.5999984741211,44.0,0.0,0.0,0.0,0.0,,,Northern Grampians,2.73,1,1,1,0
CERES,0.0,266.0,1.0,0.0,0.0,1.0,1116.0,0.9137,4.0,13.0,43.0,16.0,16.0,87.0,4.6,76.9000015258789,49.2,0.0,0.0,0.0,0.0,,,Greater Geelong,3.76,2,1,2,0
CHARLEROI,0.0,82.0,1.0,0.0,0.0,1.0,814.0,0.9048,0.0,4.0,11.0,3.0,9.0,26.0,0.0,75.8000030517578,32.9,0.0,0.0,0.0,0.0,,,Towong,12.2,0,0,0,0
CHARLTON,8.0,1095.0,1.0,2.0,0.0,3.0,545.0,1.0018,29.0,162.0,158.0,75.0,31.0,456.0,6.4,46.7000007629395,34.7,0.0,0.0,1.0,1.0,,,Loddon,2.74,2,1,1,0
CHELSEA,0.0,8347.0,1.0,1.0,0.0,2.0,951.0,0.8751,303.0,1612.0,1317.0,230.0,91.0,3555.0,8.5,63.5,38.1,0.0,0.0,4.0,31.0,1.0,1.0,Kingston (Vic.),0.24,2,1,2,0
CHELTENHAM NORTH,0.0,,1.0,0.0,0.0,1.0,,,,,,,,,,,,0.0,0.0,0.0,0.0,,,Bayside (Vic.),,0,0,0,0
CHILTERN,46.0,1580.0,1.0,0.0,0.0,1.0,682.0,0.921,13.0,201.0,245.0,95.0,89.0,643.0,2.0,56.0999984741211,44.0,0.0,1.0,0.0,0.0,,,Indigo,0.63,2,1,2,0
CHIRNSIDE PARK,6.0,11779.0,1.0,0.0,0.0,1.0,852.0,0.9641,92.0,1051.0,1863.0,630.0,406.0,4042.0,2.3,66.8000030517578,39.4,0.0,0.0,9.0,39.0,,,Yarra Ranges,0.08,2,1,1,0
CHRISTMAS HILLS,13.0,365.0,1.0,0.0,0.0,1.0,812.0,1.0506,0.0,14.0,46.0,38.0,32.0,123.0,0.0,68.6999969482422,46.0,0.0,0.0,0.0,0.0,,,Nillumbik,2.74,1,1,1,0
CHURCHILL,0.0,4924.0,1.0,0.0,0.0,1.0,577.0,0.9637,98.0,728.0,722.0,228.0,112.0,1889.0,5.2,49.7000007629395,38.7,0.0,0.0,6.0,29.0,,,Latrobe (Vic.),0.2,3,2,3,0
CLARENDON,7.0,163.0,1.0,0.0,0.0,1.0,827.0,0.9759,0.0,3.0,26.0,12.0,12.0,55.0,0.0,63.0,44.2,0.0,0.0,1.0,2.0,,,Corangamite,6.13,0,0,0,0
CLARKEFIELD,28.0,303.0,1.0,0.0,0.0,1.0,852.0,1.1469,0.0,24.0,20.0,21.0,32.0,97.0,0.0,62.7000007629395,32.7,0.0,1.0,0.0,0.0,,,Hume,3.3,0,0,0,0
CLIFTON HILL,0.0,6606.0,1.0,0.0,0.0,1.0,1388.0,0.9401,289.0,1392.0,757.0,155.0,48.0,2640.0,10.9,73.6999969482422,39.9,0.0,0.0,3.0,16.0,1.0,1.0,Moreland,0.15,2,2,2,0
CLUB TERRACE,17.0,25.0,1.0,0.0,0.0,1.0,466.0,0.9091,0.0,3.0,3.0,4.0,0.0,6.0,0.0,33.2999992370606,36.0,0.0,0.0,0.0,0.0,,,East Gippsland,40.0,0,0,0,0
CLUNES,25.0,1844.0,1.0,0.0,0.0,1.0,503.0,1.0087,26.0,273.0,286.0,135.0,68.0,788.0,3.3,47.0999984741211,42.8,0.0,1.0,1.0,3.0,,,Central Goldfields,0.54,1,1,1,0
CLYDEBANK,0.0,133.0,1.0,0.0,0.0,1.0,840.0,1.2414,0.0,4.0,15.0,10.0,5.0,35.0,0.0,74.5,45.1,0.0,0.0,0.0,0.0,,,Wellington,7.52,0,0,0,0
COBAINS,50.0,245.0,1.0,0.0,0.0,1.0,818.0,1.0407,0.0,12.0,34.0,25.0,13.0,83.0,0.0,70.9000015258789,53.1,0.0,0.0,0.0,0.0,,,Wellington,4.08,1,1,1,0
COBBLEBANK,159.0,3601.0,1.0,0.0,0.0,1.0,874.0,0.9945,19.0,292.0,508.0,132.0,45.0,999.0,1.9,69.5999984741211,17.9,0.0,1.0,1.0,7.0,,,Wyndham,0.28,0,0,0,0
COBDEN,12.0,1804.0,1.0,0.0,0.0,1.0,631.0,0.9535,33.0,235.0,261.0,119.0,77.0,724.0,4.6,53.0,42.5,0.0,0.0,0.0,0.0,,,Colac Otway,0.55,3,3,1,1
COBRAM EAST,10.0,232.0,1.0,0.0,0.0,1.0,859.0,1.0893,0.0,10.0,31.0,16.0,17.0,75.0,0.0,68.5,40.5,0.0,0.0,0.0,0.0,,,Berrigan,4.31,0,0,0,0
COCKATOO,20.0,4408.0,1.0,0.0,0.0,1.0,853.0,1.0267,17.0,298.0,616.0,269.0,209.0,1409.0,1.2,67.1999969482422,40.2,0.0,0.0,2.0,18.0,,,Cardinia,0.23,1,1,1,0
COLBINABBIN,3.0,285.0,1.0,0.0,0.0,1.0,731.0,1.1832,0.0,21.0,37.0,23.0,19.0,106.0,0.0,59.5999984741211,29.8,0.0,0.0,1.0,2.0,,,Greater Bendigo,3.51,1,1,1,0
COLDSTREAM,21.0,2199.0,1.0,3.0,0.0,4.0,827.0,1.0521,14.0,169.0,287.0,163.0,124.0,748.0,1.9,66.9000015258789,45.3,0.0,0.0,3.0,15.0,,,Yarra Ranges,1.82,2,1,1,0
COLERAINE,15.0,1062.0,1.0,0.0,0.0,1.0,502.0,0.952,28.0,188.0,155.0,72.0,45.0,484.0,5.8,45.0,44.2,0.0,0.0,1.0,1.0,,,West Wimmera,0.94,2,1,2,0
COLLINGWOOD,0.0,9179.0,0.0,0.0,3.0,3.0,1338.0,1.0503,1274.0,2389.0,630.0,90.0,34.0,4418.0,28.8,74.8000030517578,29.9,0.0,0.0,15.0,12.0,,,Yarra,0.33,3,2,1,0
CONGUPNA,8.0,620.0,1.0,0.0,0.0,1.0,754.0,1.1725,0.0,19.0,73.0,44.0,47.0,194.0,0.0,68.4000015258789,38.4,0.0,0.0,1.0,1.0,,,Greater Shepparton,1.61,1,1,1,0
CORINDHAP,3.0,131.0,1.0,0.0,0.0,1.0,554.0,1.1897,0.0,9.0,26.0,13.0,5.0,60.0,0.0,51.2999992370606,58.0,0.0,0.0,0.0,0.0,,,Corangamite,7.63,0,0,0,0
COROP,10.0,161.0,1.0,0.0,0.0,1.0,480.0,1.3,0.0,19.0,24.0,14.0,8.0,60.0,0.0,47.0999984741211,34.8,0.0,0.0,1.0,1.0,,,Greater Bendigo,6.21,0,0,0,0
CORRYONG,2.0,1352.0,1.0,0.0,0.0,1.0,589.0,0.9941,28.0,217.0,210.0,56.0,32.0,546.0,5.1,51.0,41.4,0.0,0.0,0.0,0.0,,,East Gippsland,0.74,2,1,1,0
COTTLES BRIDGE,9.0,609.0,1.0,0.0,0.0,1.0,835.0,0.9967,4.0,30.0,77.0,51.0,51.0,213.0,1.9,64.5999984741211,46.0,0.0,0.0,0.0,0.0,,,Nillumbik,1.64,1,0,1,0
COWANGIE,1.0,33.0,1.0,0.0,0.0,1.0,562.0,0.8095,0.0,3.0,5.0,0.0,0.0,10.0,0.0,60.0,72.7,0.0,0.0,0.0,0.0,,,Mildura,30.3,0,0,0,0
COWES,83.0,6593.0,1.0,1.0,0.0,2.0,586.0,0.887,155.0,1207.0,981.0,242.0,103.0,2686.0,5.8,43.7999992370606,43.5,0.0,0.0,1.0,6.0,,,Bass Coast,0.3,2,1,2,0
COWWARR,1.0,389.0,1.0,0.0,0.0,1.0,684.0,0.9495,9.0,21.0,38.0,40.0,30.0,127.0,7.1,57.5,42.7,0.0,0.0,0.0,0.0,,,Latrobe (Vic.),2.57,1,1,1,0
CRANBOURNE WEST,0.0,19969.0,1.0,0.0,0.0,1.0,822.0,0.9822,110.0,1738.0,2882.0,921.0,376.0,6028.0,1.8,68.6999969482422,22.2,0.0,0.0,6.0,46.0,,,Frankston,0.05,3,3,2,1
CRESSY,14.0,176.0,1.0,0.0,0.0,1.0,532.0,1.0824,4.0,28.0,25.0,13.0,6.0,87.0,4.6,48.0,47.7,0.0,0.0,0.0,0.0,,,Corangamite,5.68,0,0,0,0
CRIB POINT,11.0,3343.0,1.0,0.0,0.0,1.0,730.0,0.9699,32.0,412.0,513.0,194.0,116.0,1261.0,2.5,63.0,46.1,0.0,0.0,1.0,11.0,3.0,1.0,Mornington Peninsula,0.3,2,1,2,0
CUDGEWA,6.0,254.0,1.0,0.0,0.0,1.0,654.0,0.9478,0.0,16.0,30.0,18.0,22.0,87.0,0.0,56.7000007629395,37.8,0.0,0.0,0.0,0.0,,,Towong,3.94,0,0,0,0
CULGOA,3.0,86.0,1.0,0.0,0.0,1.0,553.0,1.6667,0.0,14.0,17.0,7.0,3.0,49.0,0.0,54.0,51.2,0.0,0.0,1.0,1.0,,,Buloke,11.63,0,0,0,0
CURLEWIS,16.0,4175.0,1.0,0.0,0.0,1.0,848.0,0.9293,18.0,460.0,699.0,203.0,87.0,1470.0,1.2,66.9000015258789,42.1,0.0,0.0,2.0,13.0,,,Greater Geelong,0.24,0,0,0,0
DADSWELLS BRIDGE,17.0,69.0,1.0,0.0,0.0,1.0,664.0,1.2,0.0,6.0,10.0,9.0,7.0,29.0,0.0,62.2999992370606,30.4,0.0,0.0,1.0,2.0,,,Yarriambiack,14.49,0,0,0,0
DAHLEN,0.0,,1.0,0.0,0.0,1.0,,,,,,,,,,,,0.0,0.0,0.0,0.0,,,Northern Grampians,,0,0,0,0
DAISY HILL,2.0,398.0,1.0,0.0,0.0,1.0,545.0,1.0308,0.0,34.0,67.0,26.0,22.0,149.0,0.0,49.0999984741211,42.2,0.0,0.0,0.0,0.0,,,Mount Alexander,2.51,0,0,0,0
DALLAS,201.0,6762.0,1.0,0.0,1.0,2.0,427.0,1.0291,196.0,723.0,638.0,249.0,129.0,1933.0,10.1,40.4000015258789,10.2,0.0,0.0,2.0,20.0,,,Hume,0.3,3,1,3,0
DALYSTON,28.0,843.0,1.0,1.0,0.0,2.0,695.0,0.9697,5.0,108.0,133.0,56.0,26.0,333.0,1.5,64.0999984741211,44.4,0.0,0.0,1.0,2.0,,,Bass Coast,2.37,1,1,1,0
DARNUM,45.0,759.0,1.0,0.0,0.0,1.0,748.0,1.0679,0.0,33.0,93.0,58.0,61.0,240.0,0.0,63.5999984741211,45.1,0.0,0.0,0.0,0.0,,,Baw Baw,1.32,1,1,1,0
DEANSIDE,13.0,654.0,1.0,0.0,0.0,1.0,982.0,0.9184,7.0,46.0,109.0,39.0,7.0,202.0,3.5,73.6999969482422,14.4,0.0,0.0,2.0,3.0,,,Melton,1.53,1,1,1,0
DEEP LEAD,21.0,210.0,1.0,0.0,0.0,1.0,612.0,1.0303,0.0,17.0,39.0,18.0,12.0,84.0,0.0,52.9000015258789,43.8,0.0,0.0,0.0,0.0,,,Ararat,4.76,0,0,0,0
DENICULL CREEK,2.0,19.0,1.0,0.0,0.0,1.0,866.0,0.9091,0.0,0.0,3.0,4.0,0.0,10.0,0.0,70.0,42.1,0.0,0.0,0.0,0.0,,,Northern Grampians,52.63,0,0,0,0
DENVER,0.0,148.0,1.0,0.0,0.0,1.0,700.0,1.0132,0.0,9.0,23.0,15.0,5.0,59.0,0.0,49.5999984741211,42.6,0.0,0.0,0.0,0.0,,,Macedon Ranges,6.76,0,0,0,0
DEVENISH,6.0,208.0,1.0,0.0,0.0,1.0,487.0,1.0594,0.0,19.0,28.0,19.0,10.0,79.0,0.0,49.7000007629395,51.4,0.0,0.0,1.0,2.0,,,Benalla,4.81,0,0,0,0
DEVLIN BRIDGE,0.0,,1.0,0.0,0.0,1.0,,,,,,,,,,,,0.0,0.0,0.0,0.0,,,,,0,0,0,0
DEWHURST,0.0,151.0,1.0,0.0,0.0,1.0,771.0,0.9114,0.0,10.0,15.0,14.0,17.0,50.0,0.0,61.2000007629395,41.1,0.0,0.0,0.0,0.0,,,Cardinia,6.62,0,0,0,0
DHURRINGILE,8.0,369.0,1.0,0.0,0.0,1.0,711.0,2.9677,3.0,13.0,21.0,13.0,12.0,72.0,4.2,33.9000015258789,17.6,0.0,0.0,0.0,0.0,,,Strathbogie,2.71,1,1,1,0
DIMBOOLA,15.0,1635.0,1.0,0.0,0.0,1.0,575.0,0.971,48.0,236.0,261.0,95.0,71.0,714.0,6.7,45.5,41.0,0.0,0.0,1.0,1.0,,,Yarriambiack,0.61,3,2,2,1
DIXONS CREEK,7.0,344.0,1.0,2.0,0.0,3.0,790.0,1.0663,0.0,27.0,50.0,18.0,26.0,118.0,0.0,59.2000007629395,41.0,0.0,0.0,0.0,0.0,,,Nillumbik,8.72,0,0,0,0
DOBIE,5.0,33.0,1.0,0.0,0.0,1.0,1375.0,1.0833,0.0,0.0,0.0,4.0,4.0,12.0,0.0,68.1999969482422,21.2,0.0,0.0,0.0,0.0,,,Northern Grampians,30.3,0,0,0,0
DOCTORS FLAT,0.0,13.0,1.0,0.0,0.0,1.0,450.0,1.3333,0.0,0.0,5.0,3.0,0.0,5.0,0.0,75.0,53.8,0.0,0.0,0.0,0.0,,,East Gippsland,76.92,0,0,0,0
DRIFFIELD,18.0,101.0,1.0,0.0,0.0,1.0,814.0,1.0833,0.0,3.0,19.0,7.0,10.0,34.0,0.0,60.0,42.6,0.0,0.0,0.0,0.0,,,Latrobe (Vic.),9.9,0,0,0,0
DROUIN WEST,15.0,361.0,1.0,0.0,0.0,1.0,716.0,1.1183,0.0,25.0,46.0,29.0,28.0,129.0,0.0,62.0999984741211,46.8,0.0,0.0,0.0,0.0,,,Baw Baw,2.77,1,1,1,0
DRUMBORG,8.0,160.0,1.0,0.0,0.0,1.0,752.0,1.1944,0.0,10.0,21.0,9.0,8.0,56.0,0.0,66.6999969482422,35.0,0.0,0.0,0.0,0.0,,,Moyne,6.25,0,0,0,0
DRUNG,2.0,119.0,1.0,0.0,0.0,1.0,938.0,1.2692,0.0,10.0,19.0,10.0,14.0,52.0,0.0,76.9000015258789,36.1,0.0,0.0,0.0,0.0,,,Northern Grampians,8.4,0,0,0,0
DRUNG DRUNG SOUTH,0.0,,1.0,0.0,0.0,1.0,,,,,,,,,,,,0.0,0.0,0.0,0.0,,,,,0,0,0,0
DRYSDALE,54.0,4976.0,1.0,0.0,0.0,1.0,645.0,0.909,84.0,732.0,718.0,246.0,184.0,1969.0,4.3,50.7999992370606,48.2,0.0,0.0,2.0,30.0,,,Greater Geelong,0.2,4,2,2,2
DUMOSA,0.0,18.0,1.0,0.0,0.0,1.0,900.0,1.3333,0.0,0.0,5.0,0.0,5.0,10.0,0.0,94.0999984741211,27.8,0.0,0.0,0.0,0.0,,,Loddon,55.56,0,0,0,0
DUNKELD,5.0,688.0,1.0,0.0,0.0,1.0,742.0,0.9769,9.0,85.0,107.0,55.0,36.0,291.0,3.1,63.5,43.5,0.0,0.0,1.0,2.0,,,Ararat,1.45,1,1,1,0
DUNOLLY,12.0,899.0,1.0,0.0,0.0,1.0,465.0,0.9759,18.0,169.0,144.0,49.0,34.0,415.0,4.3,32.9000015258789,46.1,0.0,0.0,1.0,2.0,,,Mount Alexander,1.11,1,1,1,0
DURHAM OX,2.0,60.0,1.0,0.0,0.0,1.0,612.0,0.8056,0.0,4.0,10.0,8.0,3.0,28.0,0.0,71.4000015258789,41.7,0.0,0.0,1.0,1.0,,,Loddon,16.67,0,0,0,0
DUTSON,7.0,32.0,1.0,0.0,0.0,1.0,574.0,1.1667,0.0,0.0,3.0,3.0,6.0,13.0,0.0,50.0,28.1,0.0,0.0,0.0,0.0,,,Wellington,31.25,0,0,0,0
EAST WANGARATTA,7.0,66.0,1.0,0.0,0.0,1.0,900.0,1.0667,0.0,0.0,12.0,5.0,8.0,24.0,0.0,71.4000015258789,36.4,0.0,0.0,0.0,0.0,,,Moira,15.15,0,0,0,0
EAST WARBURTON,31.0,906.0,1.0,0.0,0.0,1.0,651.0,1.1544,9.0,106.0,139.0,64.0,38.0,357.0,2.5,53.4000015258789,43.4,0.0,0.0,1.0,10.0,,,Yarra Ranges,1.1,0,0,0,0
EBDEN,8.0,110.0,1.0,0.0,0.0,1.0,945.0,1.1765,0.0,7.0,17.0,8.0,8.0,41.0,0.0,64.0999984741211,44.5,0.0,0.0,0.0,0.0,,,Albury,9.09,0,0,0,0
ECHUCA VILLAGE,0.0,577.0,1.0,0.0,0.0,1.0,790.0,0.9932,3.0,41.0,75.0,53.0,46.0,212.0,1.4,64.3000030517578,44.9,0.0,0.0,0.0,0.0,,,Campaspe,1.73,0,0,0,0
EDEN PARK,17.0,1194.0,1.0,0.0,0.0,1.0,770.0,1.0462,0.0,40.0,123.0,90.0,106.0,366.0,0.0,63.2000007629395,35.2,0.0,0.0,0.0,0.0,,,Nillumbik,0.84,0,0,0,0
EDITHVALE,24.0,6276.0,1.0,1.0,0.0,2.0,1021.0,0.9326,112.0,952.0,1035.0,243.0,115.0,2465.0,4.5,69.3000030517578,39.8,0.0,0.0,3.0,28.0,1.0,1.0,Kingston (Vic.),0.32,1,1,1,0
ELAINE,17.0,232.0,1.0,0.0,0.0,1.0,739.0,0.9032,0.0,15.0,30.0,19.0,12.0,82.0,0.0,54.5,39.7,0.0,0.0,1.0,1.0,,,Golden Plains,4.31,0,0,0,0
ELMHURST,0.0,185.0,1.0,0.0,0.0,1.0,452.0,1.1724,0.0,33.0,27.0,7.0,7.0,75.0,0.0,36.2999992370606,38.4,0.0,0.0,0.0,0.0,,,Pyrenees,5.41,0,0,0,0
ELPHINSTONE,33.0,633.0,1.0,1.0,0.0,2.0,642.0,0.9358,0.0,68.0,100.0,50.0,40.0,255.0,0.0,60.2000007629395,42.3,0.0,0.0,1.0,2.0,,,Mount Alexander,3.16,1,1,1,0
ELSTERNWICK,160.0,10887.0,1.0,0.0,1.0,2.0,1206.0,0.8796,448.0,2187.0,1446.0,287.0,118.0,4486.0,10.0,69.4000015258789,30.1,14.0,0.0,7.0,45.0,1.0,1.0,Port Phillip,0.18,4,0,2,0
ESKDALE,1.0,238.0,1.0,0.0,0.0,1.0,752.0,1.0684,6.0,17.0,37.0,25.0,13.0,91.0,6.6,56.7999992370606,42.9,0.0,0.0,0.0,0.0,,,East Gippsland,4.2,1,1,1,0
ESSENDON WEST,58.0,1559.0,1.0,0.0,0.0,1.0,1040.0,0.9797,28.0,201.0,219.0,81.0,39.0,568.0,4.9,67.8000030517578,25.5,17.0,0.0,3.0,8.0,,,Moonee Valley,0.64,0,0,0,0
EUMEMMERRING,0.0,2285.0,1.0,0.0,1.0,2.0,597.0,1.0035,89.0,326.0,289.0,72.0,39.0,822.0,10.8,51.4000015258789,14.7,0.0,0.0,3.0,7.0,,,Casey,0.88,0,0,0,0
EUROBIN,17.0,239.0,1.0,0.0,0.0,1.0,744.0,0.9593,0.0,15.0,33.0,13.0,10.0,78.0,0.0,60.0999984741211,33.9,0.0,0.0,0.0,0.0,,,Alpine,4.18,0,0,0,0
EVERSLEY,1.0,14.0,1.0,0.0,0.0,1.0,1166.0,3.0,0.0,0.0,6.0,0.0,0.0,4.0,0.0,60.0,,0.0,0.0,0.0,0.0,,,Northern Grampians,71.43,0,0,0,0
EXFORD,46.0,133.0,1.0,0.0,0.0,1.0,561.0,0.9559,0.0,3.0,13.0,7.0,9.0,37.0,0.0,63.2999992370606,24.8,0.0,0.0,0.0,0.0,,,Wyndham,7.52,1,1,1,0
FAIRFIELD,125.0,6535.0,1.0,0.0,1.0,2.0,1093.0,0.9352,362.0,1386.0,744.0,140.0,87.0,2720.0,13.3,69.9000015258789,33.3,0.0,0.0,7.0,40.0,1.0,1.0,Yarra,0.31,1,1,1,0
FAIRLEY,0.0,14.0,1.0,0.0,0.0,1.0,900.0,1.1429,0.0,4.0,0.0,0.0,6.0,9.0,0.0,61.5,71.4,0.0,0.0,0.0,0.0,,,Swan Hill,71.43,0,0,0,0
FALLS CREEK,19.0,326.0,1.0,0.0,0.0,1.0,918.0,1.1544,7.0,10.0,4.0,5.0,0.0,25.0,28.0,70.3000030517578,34.4,0.0,0.0,0.0,0.0,,,East Gippsland,3.07,1,1,1,0
FARADAY,0.0,194.0,1.0,0.0,0.0,1.0,615.0,1.1724,0.0,12.0,29.0,23.0,16.0,82.0,0.0,56.4000015258789,39.7,0.0,0.0,0.0,0.0,,,Hepburn,5.15,0,0,0,0
FISHERMENS BEND,0.0,,1.0,0.0,0.0,1.0,,,,,,,,,,,,0.0,0.0,0.0,0.0,,,,,0,0,0,0
FIVE WAYS,0.0,,1.0,0.0,0.0,1.0,,,,,,,,,,,,0.0,0.0,0.0,0.0,,,Frankston,,0,0,0,0
FLINDERS,8.0,1130.0,1.0,0.0,0.0,1.0,1118.0,0.986,3.0,118.0,204.0,63.0,34.0,422.0,0.7,44.0999984741211,50.1,0.0,0.0,1.0,5.0,,,Mornington Peninsula,0.88,0,0,0,0
FLORA HILL,28.0,3989.0,1.0,0.0,0.0,1.0,705.0,0.8548,110.0,714.0,527.0,150.0,56.0,1564.0,7.0,64.5,40.6,0.0,0.0,6.0,29.0,,,Greater Bendigo,0.25,0,0,0,0
FLYNN,9.0,188.0,1.0,0.0,0.0,1.0,969.0,1.125,0.0,0.0,17.0,20.0,13.0,55.0,0.0,62.7000007629395,35.1,0.0,0.0,0.0,0.0,,,Wellington,5.32,0,0,0,0
FLYNNS CREEK UPPER,0.0,,1.0,0.0,0.0,1.0,,,,,,,,,,,,0.0,0.0,0.0,0.0,,,,,0,0,0,0
FOREST HILL,53.0,10780.0,1.0,0.0,1.0,2.0,706.0,0.9118,300.0,1641.0,1532.0,399.0,170.0,4043.0,7.4,57.7000007629395,26.6,12.0,0.0,6.0,51.0,,,Manningham,0.19,1,1,1,0
FRASER RISE,26.0,9097.0,1.0,0.0,0.0,1.0,972.0,0.9656,26.0,675.0,1412.0,439.0,152.0,2708.0,1.0,74.5,12.0,0.0,0.0,2.0,10.0,,,Melton,0.11,1,1,0,1
GAMA,0.0,,1.0,0.0,0.0,1.0,,,,,,,,,,,,0.0,0.0,0.0,0.0,,,,,0,0,0,0
GAPSTED,28.0,156.0,1.0,0.0,0.0,1.0,709.0,1.0833,0.0,10.0,24.0,11.0,8.0,60.0,0.0,64.1999969482422,44.2,0.0,0.0,0.0,0.0,,,Wangaratta,6.41,0,0,0,0
GARDEN CITY,0.0,,1.0,0.0,0.0,1.0,,,,,,,,,,,,0.0,0.0,0.0,0.0,,,Melbourne,,0,0,0,0
GATEWAY ISLAND,0.0,0.0,1.0,1.0,0.0,2.0,1125.0,,0.0,0.0,0.0,0.0,0.0,3.0,0.0,100.0,,0.0,1.0,2.0,2.0,,,Albury,inf,0,0,0,0
GEELONG,189.0,5811.0,1.0,0.0,0.0,1.0,865.0,0.9201,285.0,1174.0,724.0,201.0,87.0,2472.0,11.5,63.5,35.3,0.0,1.0,19.0,45.0,,,Greater Geelong,0.17,2,1,1,1
GENOA,6.0,66.0,1.0,0.0,0.0,1.0,390.0,0.9714,0.0,7.0,6.0,13.0,4.0,28.0,0.0,48.2000007629395,40.9,0.0,0.0,1.0,1.0,,,East Gippsland,15.15,0,0,0,0
GERANG GERUNG,7.0,65.0,1.0,0.0,0.0,1.0,1025.0,1.0294,0.0,8.0,10.0,7.0,6.0,28.0,0.0,81.5,41.5,0.0,0.0,0.0,0.0,,,West Wimmera,15.38,0,0,0,0
GILLIESTON,4.0,45.0,1.0,0.0,0.0,1.0,674.0,1.8571,0.0,0.0,8.0,5.0,3.0,20.0,0.0,68.5999984741211,44.4,0.0,0.0,0.0,0.0,,,Greater Shepparton,22.22,0,0,0,0
GISBORNE,60.0,10142.0,1.0,1.0,0.0,2.0,966.0,0.961,63.0,803.0,1589.0,556.0,405.0,3421.0,1.8,68.0999984741211,41.7,0.0,0.0,3.0,53.0,,,Moorabool,0.2,4,3,3,1
GISBORNE SOUTH,32.0,854.0,1.0,0.0,0.0,1.0,897.0,1.0382,0.0,31.0,98.0,73.0,71.0,273.0,0.0,63.0,35.9,0.0,0.0,0.0,0.0,,,Moorabool,1.17,0,0,0,0
GLADSTONE PARK,0.0,8213.0,1.0,0.0,0.0,1.0,610.0,1.0002,147.0,1012.0,1204.0,414.0,169.0,2947.0,5.0,53.4000015258789,21.9,0.0,0.0,4.0,32.0,,,Brimbank,0.12,4,3,3,1
GLEN HUNTLY,0.0,4905.0,1.0,0.0,0.0,1.0,1050.0,0.9671,374.0,1205.0,501.0,86.0,36.0,2201.0,17.0,70.5,22.1,0.0,0.0,2.0,2.0,1.0,1.0,Glen Eira,0.2,2,1,2,0
GLENALBYN,2.0,21.0,1.0,0.0,0.0,1.0,749.0,0.75,0.0,0.0,0.0,3.0,0.0,8.0,0.0,77.8000030517578,52.4,0.0,0.0,0.0,0.0,,,Loddon,47.62,0,0,0,0
GLENBURN,62.0,443.0,1.0,0.0,0.0,1.0,696.0,1.037,0.0,21.0,70.0,27.0,28.0,145.0,0.0,53.0999984741211,38.6,0.0,0.0,1.0,1.0,,,Mitchell,2.26,0,0,0,0
GLENGARRY,11.0,1113.0,1.0,0.0,0.0,1.0,845.0,0.9683,0.0,68.0,148.0,93.0,66.0,375.0,0.0,67.9000015258789,40.3,0.0,0.0,0.0,0.0,,,Baw Baw,0.9,1,1,1,0
GLENGARRY WEST,13.0,155.0,1.0,0.0,0.0,1.0,743.0,0.9744,0.0,11.0,22.0,8.0,11.0,52.0,0.0,61.7999992370606,40.0,0.0,0.0,0.0,0.0,,,Baw Baw,6.45,0,0,0,0
GLENORCHY,4.0,131.0,1.0,0.0,0.0,1.0,508.0,1.339,0.0,15.0,19.0,5.0,12.0,54.0,0.0,50.0,49.6,0.0,0.0,1.0,2.0,,,Yarriambiack,7.63,0,0,0,0
GLENTHOMPSON,12.0,256.0,1.0,0.0,0.0,1.0,633.0,1.082,0.0,37.0,35.0,16.0,12.0,111.0,0.0,55.0,45.3,0.0,0.0,1.0,2.0,,,Moyne,3.91,0,0,0,0
GLENVALE,0.0,,1.0,0.0,0.0,1.0,,,,,,,,,,,,0.0,0.0,0.0,0.0,,,,,0,0,0,0
GOORAM,19.0,141.0,1.0,0.0,0.0,1.0,697.0,0.9706,0.0,13.0,14.0,17.0,10.0,52.0,0.0,63.0999984741211,43.3,0.0,0.0,0.0,0.0,,,Murrindindi,7.09,0,0,0,0
GOORAMBAT,8.0,269.0,1.0,0.0,0.0,1.0,645.0,1.0698,0.0,20.0,37.0,22.0,19.0,96.0,0.0,52.5999984741211,46.8,0.0,0.0,1.0,2.0,,,Greater Shepparton,3.72,0,0,0,0
GOORNONG,14.0,718.0,1.0,0.0,0.0,1.0,739.0,0.9834,0.0,51.0,105.0,40.0,46.0,247.0,0.0,64.1999969482422,40.9,0.0,1.0,0.0,0.0,,,Campaspe,1.39,1,1,1,0
GRAHAMVALE,46.0,685.0,1.0,0.0,0.0,1.0,870.0,1.0926,3.0,32.0,90.0,60.0,49.0,228.0,1.3,68.5999984741211,33.9,0.0,0.0,0.0,0.0,,,Strathbogie,1.46,1,1,1,0
GRANITE ROCK,0.0,261.0,1.0,0.0,0.0,1.0,737.0,0.9474,0.0,17.0,36.0,26.0,15.0,91.0,0.0,62.2999992370606,46.4,0.0,0.0,0.0,0.0,,,East Gippsland,3.83,0,0,0,0
GRANTON,0.0,,1.0,0.0,0.0,1.0,,,,,,,,,,,,0.0,0.0,0.0,0.0,,,,,0,0,0,0
GRASSMERE,3.0,385.0,1.0,0.0,0.0,1.0,817.0,0.9847,0.0,26.0,43.0,35.0,26.0,135.0,0.0,70.6999969482422,40.3,0.0,0.0,0.0,0.0,,,Moyne,2.6,0,0,0,0
GRAYTOWN,2.0,60.0,1.0,0.0,0.0,1.0,489.0,1.619,0.0,7.0,13.0,7.0,5.0,27.0,0.0,54.9000015258789,48.3,0.0,0.0,0.0,0.0,,,Greater Shepparton,16.67,0,0,0,0
GREENWALD,8.0,58.0,1.0,0.0,0.0,1.0,669.0,1.0,0.0,7.0,8.0,6.0,7.0,21.0,0.0,58.7000007629395,37.9,0.0,0.0,0.0,0.0,,,Moyne,17.24,0,0,0,0
GUNBOWER,4.0,578.0,1.0,0.0,0.0,1.0,607.0,1.0429,6.0,60.0,83.0,40.0,33.0,222.0,2.7,58.5,41.7,0.0,0.0,1.0,2.0,,,Campaspe,1.73,1,1,1,0
GYPSUM,0.0,,1.0,0.0,0.0,1.0,,,,,,,,,,,,0.0,0.0,0.0,0.0,,,,,0,0,0,0
HADDON,18.0,1276.0,1.0,0.0,0.0,1.0,790.0,1.0799,0.0,72.0,160.0,93.0,102.0,434.0,0.0,67.9000015258789,47.9,0.0,0.0,1.0,2.0,,,Moyne,0.78,1,1,1,0
HARRIETVILLE,33.0,488.0,1.0,0.0,0.0,1.0,902.0,1.1304,4.0,37.0,68.0,28.0,21.0,156.0,2.6,59.7999992370606,38.5,0.0,0.0,0.0,0.0,,,Unincorporated Vic,2.05,1,1,1,0
HAVELOCK,3.0,83.0,1.0,0.0,0.0,1.0,483.0,1.0256,0.0,4.0,14.0,7.0,3.0,28.0,0.0,47.2000007629395,38.6,0.0,0.0,0.0,0.0,,,Mount Alexander,12.05,0,0,0,0
HAWTHORN EAST,0.0,14834.0,1.0,0.0,0.0,1.0,1244.0,0.8995,674.0,3031.0,1879.0,404.0,206.0,6198.0,10.9,69.8000030517578,31.2,48.0,0.0,1.0,7.0,1.0,1.0,Boroondara,0.07,4,3,2,2
HEATHERTON,29.0,2826.0,1.0,0.0,0.0,1.0,891.0,0.9618,31.0,297.0,466.0,110.0,47.0,953.0,3.3,68.5,23.7,0.0,0.0,4.0,28.0,,,Kingston (Vic.),0.35,0,0,0,0
HEDLEY,16.0,108.0,1.0,0.0,0.0,1.0,489.0,1.25,0.0,11.0,21.0,5.0,12.0,48.0,0.0,53.7000007629395,50.0,0.0,0.0,0.0,0.0,,,Wellington,9.26,0,0,0,0
HEIDELBERG WEST,0.0,5252.0,1.0,0.0,0.0,1.0,612.0,0.9883,316.0,892.0,634.0,134.0,58.0,2035.0,15.5,55.2999992370606,24.7,0.0,0.0,10.0,43.0,,,Banyule,0.19,1,0,1,0
HERNE HILL,115.0,3507.0,1.0,0.0,0.0,1.0,870.0,0.8949,138.0,689.0,554.0,147.0,56.0,1582.0,8.7,68.8000030517578,40.3,0.0,0.0,2.0,17.0,,,Golden Plains,0.29,1,0,0,1
HEYWOOD,11.0,1815.0,1.0,0.0,0.0,1.0,622.0,1.0222,34.0,229.0,257.0,112.0,76.0,710.0,4.8,49.4000015258789,40.1,0.0,0.0,1.0,2.0,,,Moyne,0.55,2,2,1,1
HIGH CAMP,7.0,122.0,1.0,0.0,0.0,1.0,820.0,0.9516,0.0,3.0,11.0,14.0,6.0,37.0,0.0,57.4000015258789,45.1,0.0,0.0,0.0,0.0,,,Macedon Ranges,8.2,0,0,0,0
HILLSIDE,0.0,17331.0,1.0,0.0,0.0,1.0,,,,,,,,,,,,0.0,0.0,0.0,0.0,,,Brimbank,0.06,2,1,2,0
HOMEWOOD,0.0,70.0,1.0,0.0,0.0,1.0,916.0,1.2581,0.0,7.0,11.0,0.0,3.0,21.0,0.0,60.4000015258789,41.4,0.0,0.0,0.0,0.0,,,Mitchell,14.29,0,0,0,0
HOPETOUN,8.0,694.0,1.0,0.0,0.0,1.0,572.0,0.9855,12.0,111.0,104.0,48.0,25.0,299.0,4.0,50.2000007629395,41.2,0.0,0.0,1.0,2.0,,,Yarriambiack,1.44,2,1,1,0
HOPETOUN PARK,0.0,914.0,1.0,0.0,0.0,1.0,808.0,1.0244,0.0,23.0,77.0,67.0,84.0,254.0,0.0,70.3000030517578,35.1,0.0,0.0,0.0,0.0,,,Melton,1.09,0,0,0,0
HOWQUA,0.0,158.0,1.0,0.0,0.0,1.0,420.0,0.2077,0.0,3.0,10.0,0.0,0.0,24.0,0.0,40.9000015258789,30.4,0.0,0.0,0.0,0.0,,,Murrindindi,6.33,0,0,0,0
HUGHESDALE,0.0,7563.0,1.0,0.0,0.0,1.0,935.0,0.9367,284.0,1270.0,1017.0,241.0,98.0,2909.0,9.8,68.5999984741211,22.3,0.0,0.0,11.0,33.0,1.0,1.0,Monash,0.13,2,1,1,1
HUME FREEWAY EPPING,0.0,,0.0,0.0,2.0,2.0,,,,,,,,,,,,0.0,0.0,0.0,0.0,,,,,0,0,0,0
HUNTINGDALE,0.0,1949.0,1.0,0.0,0.0,1.0,839.0,1.0778,54.0,262.0,279.0,77.0,27.0,698.0,7.7,68.9000015258789,18.6,0.0,0.0,7.0,9.0,,,Monash,0.51,0,0,0,0
HUNTLY,9.0,3585.0,1.0,0.0,0.0,1.0,880.0,0.9297,10.0,284.0,517.0,199.0,148.0,1159.0,0.9,67.6999969482422,38.7,0.0,1.0,1.0,21.0,,,Mount Alexander,0.28,1,1,1,0
HURSTBRIDGE,66.0,3554.0,1.0,0.0,0.0,1.0,898.0,1.0023,27.0,297.0,486.0,225.0,179.0,1214.0,2.2,69.5999984741211,42.1,0.0,0.0,1.0,3.0,1.0,1.0,Nillumbik,0.28,1,1,1,0
ILLAWARRA,3.0,80.0,1.0,0.0,0.0,1.0,1012.0,1.0,0.0,8.0,12.0,11.0,3.0,28.0,0.0,74.1999969482422,51.2,0.0,0.0,0.0,0.0,,,Ararat,12.5,0,0,0,0
IRAAK,4.0,118.0,1.0,0.0,0.0,1.0,787.0,1.22,0.0,12.0,16.0,12.0,8.0,41.0,0.0,63.5999984741211,26.3,0.0,0.0,0.0,0.0,,,Mildura,8.47,0,0,0,0
IRREWILLIPE,4.0,100.0,1.0,0.0,0.0,1.0,780.0,1.1556,0.0,5.0,20.0,7.0,8.0,43.0,0.0,78.8000030517578,46.0,0.0,0.0,0.0,0.0,,,Corangamite,10.0,0,0,0,0
JALLUKAR,0.0,,1.0,0.0,0.0,1.0,,,,,,,,,,,,0.0,0.0,0.0,0.0,,,,,0,0,0,0
JARKLIN,6.0,49.0,1.0,0.0,0.0,1.0,725.0,1.1304,0.0,0.0,3.0,4.0,6.0,12.0,0.0,55.5999984741211,36.7,0.0,0.0,0.0,0.0,,,Loddon,20.41,0,0,0,0
JOHNSONVILLE,6.0,326.0,1.0,0.0,0.0,1.0,517.0,0.9357,4.0,51.0,53.0,15.0,15.0,141.0,2.8,42.0,44.8,0.0,0.0,2.0,3.0,,,East Gippsland,3.07,0,0,0,0
JUNG,6.0,,1.0,0.0,0.0,1.0,,,,,,,,,,,,0.0,0.0,0.0,0.0,,,Horsham,,0,0,0,0
KALPIENUNG,0.0,28.0,1.0,0.0,0.0,1.0,900.0,0.9286,0.0,0.0,0.0,5.0,5.0,7.0,0.0,66.6999969482422,42.9,0.0,0.0,0.0,0.0,,,Buloke,35.71,0,0,0,0
KANIVA,13.0,891.0,1.0,2.0,0.0,3.0,635.0,0.9081,20.0,125.0,137.0,65.0,38.0,388.0,5.2,57.0,47.0,0.0,0.0,1.0,2.0,,,Hindmarsh,3.37,1,1,0,0
KANUMBRA,4.0,53.0,1.0,0.0,0.0,1.0,587.0,1.125,0.0,5.0,8.0,7.0,8.0,26.0,0.0,50.0,49.1,0.0,0.0,0.0,0.0,,,Murrindindi,18.87,0,0,0,0
KARADOC,0.0,,1.0,0.0,0.0,1.0,,,,,,,,,,,,0.0,0.0,0.0,0.0,,,,,0,0,0,0
KARAWINNA,0.0,,1.0,0.0,0.0,1.0,,,,,,,,,,,,0.0,0.0,0.0,0.0,,,,,0,0,0,0
KARNAK,0.0,9.0,1.0,0.0,0.0,1.0,850.0,1.6667,0.0,0.0,3.0,0.0,0.0,4.0,0.0,54.5,66.7,0.0,0.0,0.0,0.0,,,Northern Grampians,111.11,0,0,0,0
KATAMATITE,25.0,453.0,1.0,1.0,0.0,2.0,643.0,0.9693,0.0,40.0,56.0,28.0,26.0,153.0,0.0,59.0999984741211,36.9,0.0,0.0,0.0,0.0,,,Moira,4.42,1,1,1,0
KEILOR NORTH,163.0,67.0,1.0,1.0,0.0,2.0,662.0,1.0625,0.0,0.0,12.0,8.0,8.0,21.0,0.0,47.5999984741211,28.4,0.0,0.0,1.0,1.0,,,Hume,29.85,1,0,0,1
KENLEY,0.0,64.0,1.0,0.0,0.0,1.0,812.0,3.1333,0.0,0.0,5.0,0.0,4.0,9.0,0.0,90.6999969482422,25.0,0.0,0.0,0.0,0.0,,,Swan Hill,15.62,0,0,0,0
KEON PARK,0.0,,1.0,0.0,0.0,1.0,,,,,,,,,,,,0.0,0.0,0.0,0.0,,,Darebin,,0,0,0,0
KERANG EAST,1.0,44.0,1.0,0.0,0.0,1.0,410.0,0.84,0.0,9.0,8.0,0.0,0.0,12.0,0.0,51.5,22.7,0.0,0.0,0.0,0.0,,,Swan Hill,22.73,0,0,0,0
KERANG SOUTH,0.0,,1.0,0.0,0.0,1.0,,,,,,,,,,,,0.0,0.0,0.0,0.0,,,,,0,0,0,0
KERGUNYAH,0.0,232.0,1.0,0.0,0.0,1.0,847.0,1.1887,0.0,7.0,45.0,21.0,12.0,86.0,0.0,66.5,35.3,0.0,0.0,0.0,0.0,,,Albury,4.31,0,0,0,0
KIALLA WEST,0.0,415.0,1.0,1.0,0.0,2.0,805.0,1.1224,0.0,22.0,48.0,37.0,36.0,139.0,0.0,67.0,45.8,0.0,0.0,0.0,0.0,,,Strathbogie,4.82,1,1,1,0
KILCUNDA,12.0,578.0,1.0,2.0,0.0,3.0,714.0,1.021,4.0,73.0,102.0,37.0,15.0,234.0,1.7,54.5,43.4,0.0,0.0,1.0,2.0,,,Bass Coast,5.19,0,0,0,0
KILLAWARRA,9.0,391.0,1.0,0.0,0.0,1.0,889.0,1.0415,0.0,16.0,51.0,43.0,24.0,137.0,0.0,67.0999984741211,43.7,0.0,0.0,0.0,0.0,,,Moira,2.56,0,0,0,0
KILSYTH,32.0,11699.0,1.0,0.0,0.0,1.0,803.0,0.9093,204.0,1620.0,1855.0,534.0,326.0,4544.0,4.5,63.7999992370606,41.0,0.0,0.0,5.0,56.0,,,Maroondah,0.09,4,2,4,0
KILSYTH SOUTH,32.0,2862.0,1.0,0.0,1.0,2.0,837.0,1.0113,8.0,149.0,379.0,207.0,174.0,915.0,0.9,73.1999969482422,42.0,0.0,0.0,3.0,18.0,,,Maroondah,0.7,0,0,0,0
KING VALLEY,0.0,87.0,1.0,0.0,0.0,1.0,838.0,1.2895,0.0,4.0,17.0,5.0,5.0,35.0,0.0,73.5999984741211,43.7,0.0,0.0,0.0,0.0,,,Moira,11.49,0,0,0,0
KINGLAKE CENTRAL,2.0,413.0,1.0,0.0,0.0,1.0,653.0,1.055,0.0,22.0,54.0,40.0,23.0,138.0,0.0,60.0999984741211,37.8,0.0,0.0,1.0,9.0,,,Nillumbik,2.42,1,1,1,0
KINGLAKE WEST,6.0,1305.0,1.0,0.0,0.0,1.0,801.0,1.1238,5.0,66.0,145.0,97.0,83.0,393.0,1.3,58.5,36.6,0.0,0.0,2.0,12.0,,,Nillumbik,0.77,1,1,1,0
KINIMAKATKA,0.0,,1.0,0.0,0.0,1.0,,,,,,,,,,,,0.0,0.0,0.0,0.0,,,,,0,0,0,0
KNOWSLEY,3.0,168.0,1.0,0.0,0.0,1.0,845.0,1.1667,0.0,18.0,13.0,15.0,10.0,58.0,0.0,66.1999969482422,27.4,0.0,0.0,0.0,0.0,,,Mitchell,5.95,0,0,0,0
KNOXFIELD,229.0,7645.0,1.0,0.0,0.0,1.0,764.0,0.9575,69.0,929.0,1259.0,372.0,189.0,2820.0,2.4,62.4000015258789,27.8,0.0,0.0,10.0,53.0,,,Knox,0.13,3,3,2,1
KOONOOMOO,16.0,305.0,1.0,0.0,0.0,1.0,638.0,1.0533,3.0,21.0,47.0,30.0,21.0,118.0,2.5,54.7999992370606,47.2,0.0,0.0,1.0,2.0,,,Berrigan,3.28,0,0,0,0
KOOREH,2.0,29.0,1.0,0.0,0.0,1.0,979.0,1.1667,0.0,0.0,12.0,0.0,0.0,8.0,0.0,82.5999984741211,51.7,0.0,0.0,0.0,0.0,,,Loddon,34.48,0,0,0,0
KORIELLA,1.0,66.0,1.0,0.0,0.0,1.0,855.0,0.9706,0.0,0.0,8.0,4.0,8.0,25.0,0.0,56.0999984741211,43.9,0.0,0.0,0.0,0.0,,,Murrindindi,15.15,0,0,0,0
KORWEINGUBOORA,5.0,196.0,1.0,0.0,0.0,1.0,606.0,1.4375,0.0,19.0,28.0,17.0,6.0,80.0,0.0,55.0999984741211,35.7,0.0,0.0,0.0,0.0,,,Macedon Ranges,5.1,0,0,0,0
KOTUPNA,5.0,132.0,1.0,0.0,0.0,1.0,659.0,1.0,0.0,10.0,11.0,11.0,11.0,46.0,0.0,72.6999969482422,31.1,0.0,0.0,0.0,0.0,,,Moira,7.58,0,0,0,0
KULWIN,2.0,16.0,1.0,0.0,0.0,1.0,900.0,0.75,0.0,0.0,0.0,0.0,7.0,5.0,0.0,66.6999969482422,18.8,0.0,0.0,0.0,0.0,,,Hindmarsh,62.5,0,0,0,0
KURTING,0.0,61.0,1.0,0.0,0.0,1.0,525.0,1.2333,0.0,5.0,7.0,6.0,11.0,23.0,0.0,48.0,29.5,0.0,0.0,0.0,0.0,,,Loddon,16.39,0,0,0,0
KYVALLEY,2.0,363.0,1.0,0.0,0.0,1.0,748.0,1.1176,0.0,19.0,39.0,30.0,33.0,118.0,0.0,66.6999969482422,32.8,0.0,0.0,0.0,0.0,,,Campaspe,2.75,0,0,0,0
LACEBY,6.0,304.0,1.0,0.0,0.0,1.0,774.0,1.0268,0.0,17.0,38.0,22.0,13.0,93.0,0.0,59.5999984741211,42.8,0.0,0.0,0.0,0.0,,,Moira,3.29,0,0,0,0
LADYS PASS,2.0,118.0,1.0,0.0,0.0,1.0,731.0,1.3462,0.0,11.0,26.0,7.0,9.0,55.0,0.0,63.5,48.3,0.0,0.0,0.0,0.0,,,Mitchell,8.47,0,0,0,0
LAKE BOLAC,1.0,368.0,1.0,0.0,0.0,1.0,632.0,1.1214,0.0,35.0,56.0,30.0,17.0,145.0,0.0,56.5999984741211,35.3,0.0,0.0,1.0,2.0,,,Moyne,2.72,1,1,0,0
LAKE CHARM,2.0,147.0,1.0,0.0,0.0,1.0,635.0,0.9737,0.0,5.0,23.0,7.0,11.0,48.0,0.0,52.7000007629395,44.9,0.0,0.0,1.0,1.0,,,Gannawarra,6.8,0,0,0,0
LAKE FYANS,0.0,23.0,1.0,0.0,0.0,1.0,1024.0,1.0,0.0,0.0,3.0,5.0,0.0,7.0,0.0,50.0,21.7,0.0,0.0,0.0,0.0,,,Ararat,43.48,0,0,0,0
LAKE GOLDSMITH,3.0,22.0,1.0,0.0,0.0,1.0,450.0,0.6875,0.0,0.0,0.0,0.0,3.0,9.0,0.0,59.0999984741211,59.1,0.0,0.0,0.0,0.0,,,Ararat,45.45,0,0,0,0
LAKE POWELL,4.0,86.0,1.0,0.0,0.0,1.0,846.0,2.3462,10.0,3.0,10.0,3.0,5.0,28.0,35.7,70.0999984741211,15.1,0.0,0.0,0.0,0.0,,,Swan Hill,11.63,0,0,0,0
LAKE TYERS,0.0,4.0,1.0,0.0,0.0,1.0,649.0,,0.0,0.0,0.0,0.0,0.0,0.0,,40.0,125.0,0.0,0.0,0.0,0.0,,,East Gippsland,250.0,0,0,0,0
LALBERT,1.0,138.0,1.0,0.0,0.0,1.0,599.0,1.2131,3.0,11.0,13.0,11.0,19.0,55.0,5.5,50.4000015258789,39.9,0.0,0.0,0.0,0.0,,,Buloke,7.25,0,0,0,0
LAMPLOUGH,1.0,49.0,1.0,0.0,0.0,1.0,488.0,0.9615,0.0,3.0,14.0,3.0,0.0,25.0,0.0,47.7000007629395,67.3,0.0,0.0,0.0,0.0,,,Corangamite,20.41,0,0,0,0
LANCEFIELD,44.0,2743.0,1.0,0.0,0.0,1.0,771.0,0.9331,12.0,218.0,414.0,185.0,148.0,980.0,1.2,62.7999992370606,40.4,0.0,0.0,1.0,2.0,,,Mitchell,0.36,2,1,2,0
LANG LANG SOUTH,0.0,,1.0,0.0,0.0,1.0,,,,,,,,,,,,0.0,0.0,0.0,0.0,,,,,0,0,0,0
LAVERTON NORTH,778.0,119.0,1.0,1.0,0.0,2.0,599.0,2.2105,7.0,24.0,11.0,0.0,5.0,44.0,15.9,34.9000015258789,26.9,0.0,0.0,5.0,46.0,,,Wyndham,16.81,0,0,0,0
LAWLOIT,0.0,14.0,1.0,0.0,0.0,1.0,1406.0,1.0,0.0,0.0,0.0,0.0,4.0,3.0,0.0,85.6999969482422,50.0,0.0,0.0,0.0,0.0,,,West Wimmera,71.43,0,0,0,0
LEICHARDT,1.0,167.0,1.0,0.0,0.0,1.0,805.0,1.037,0.0,6.0,13.0,10.0,15.0,49.0,0.0,75.6999969482422,40.7,0.0,0.0,0.0,0.0,,,Greater Bendigo,5.99,0,0,0,0
LEIGH CREEK,0.0,65.0,1.0,0.0,0.0,1.0,556.0,1.5,0.0,4.0,9.0,4.0,4.0,23.0,0.0,59.5999984741211,23.1,0.0,0.0,0.0,0.0,,,Corangamite,15.38,0,0,0,0
LENEVA,17.0,1317.0,1.0,0.0,0.0,1.0,1074.0,0.9879,3.0,87.0,213.0,77.0,43.0,420.0,0.7,76.3000030517578,41.2,0.0,0.0,0.0,0.0,,,Albury,0.76,1,0,0,0
LEONGATHA,49.0,5869.0,1.0,1.0,0.0,2.0,641.0,0.9076,136.0,918.0,876.0,312.0,146.0,2381.0,5.7,53.2999992370606,45.3,0.0,0.0,1.0,1.0,,,Baw Baw,0.34,5,3,2,2
LEONGATHA SOUTH,42.0,616.0,1.0,0.0,0.0,1.0,749.0,1.085,4.0,30.0,89.0,46.0,36.0,202.0,2.0,69.0999984741211,36.9,0.0,0.0,0.0,0.0,,,Baw Baw,1.62,0,0,0,0
LIMA,0.0,92.0,1.0,0.0,0.0,1.0,737.0,1.0222,0.0,5.0,20.0,3.0,8.0,35.0,0.0,64.0,39.1,0.0,0.0,0.0,0.0,,,Mansfield,10.87,0,0,0,0
LIMESTONE,1.0,121.0,1.0,0.0,0.0,1.0,545.0,1.1091,0.0,0.0,20.0,10.0,9.0,39.0,0.0,52.5,43.8,0.0,0.0,0.0,0.0,,,Mitchell,8.26,0,0,0,0
LINDENOW,2.0,527.0,1.0,0.0,0.0,1.0,702.0,1.1901,4.0,57.0,71.0,33.0,21.0,180.0,2.2,58.2999992370606,36.4,0.0,0.0,0.0,0.0,,,East Gippsland,1.9,1,1,1,0
LINDENOW SOUTH,9.0,475.0,1.0,0.0,0.0,1.0,719.0,1.0925,0.0,32.0,69.0,37.0,24.0,166.0,0.0,58.7000007629395,39.8,0.0,0.0,1.0,1.0,,,East Gippsland,2.11,1,1,1,0
LISMORE,8.0,472.0,1.0,0.0,0.0,1.0,533.0,1.0652,13.0,75.0,63.0,29.0,26.0,205.0,6.3,52.2000007629395,39.4,0.0,0.0,1.0,1.0,,,Golden Plains,2.12,1,1,1,0
LITTLE RIVER,11.0,1353.0,1.0,1.0,0.0,2.0,750.0,1.0516,6.0,45.0,161.0,75.0,103.0,398.0,1.5,58.0,33.9,0.0,1.0,0.0,0.0,,,Greater Geelong,1.48,1,1,1,0
LOCHIEL,0.0,,1.0,0.0,0.0,1.0,,,,,,,,,,,,0.0,0.0,0.0,0.0,,,,,0,0,0,0
LOCKSLEY,0.0,131.0,1.0,0.0,0.0,1.0,1050.0,1.0308,0.0,11.0,15.0,15.0,11.0,44.0,0.0,63.5,36.6,0.0,0.0,0.0,0.0,,,Strathbogie,7.63,0,0,0,0
LOCKWOOD,12.0,806.0,1.0,0.0,0.0,1.0,697.0,1.0536,0.0,42.0,85.0,67.0,72.0,268.0,0.0,64.3000030517578,37.5,0.0,0.0,0.0,0.0,,,Mount Alexander,1.24,1,1,1,0
LOCKWOOD SOUTH,3.0,1052.0,1.0,1.0,0.0,2.0,816.0,1.0212,0.0,39.0,147.0,75.0,77.0,331.0,0.0,66.5999984741211,42.3,0.0,0.0,1.0,4.0,,,Mount Alexander,1.9,1,1,1,0
LONG FOREST,7.0,343.0,1.0,0.0,0.0,1.0,795.0,1.1104,0.0,14.0,33.0,20.0,38.0,108.0,0.0,65.0999984741211,43.7,0.0,0.0,0.0,0.0,,,Melton,2.92,0,0,0,0
LORNE,59.0,1327.0,1.0,1.0,0.0,2.0,893.0,1.1016,21.0,205.0,168.0,71.0,33.0,494.0,4.3,50.9000015258789,41.9,0.0,0.0,1.0,4.0,,,Surf Coast,1.51,1,1,0,0
LUCAS,44.0,2994.0,1.0,0.0,0.0,1.0,923.0,0.9149,27.0,366.0,488.0,126.0,47.0,1049.0,2.6,70.6999969482422,37.5,0.0,0.0,2.0,8.0,,,Ballarat,0.33,2,1,2,0
LYNBROOK,31.0,9121.0,1.0,0.0,1.0,2.0,783.0,0.9919,61.0,564.0,1078.0,430.0,264.0,2402.0,2.5,65.8000030517578,16.8,0.0,0.0,6.0,24.0,1.0,1.0,Greater Dandenong,0.22,2,1,2,0
LYSTERFIELD,186.0,6681.0,1.0,0.0,0.0,1.0,943.0,0.9961,19.0,307.0,872.0,464.0,388.0,2044.0,0.9,72.6999969482422,30.9,0.0,0.0,3.0,25.0,,,Casey,0.15,1,1,1,0
MACEDON,8.0,2073.0,1.0,0.0,0.0,1.0,939.0,1.0383,10.0,142.0,327.0,110.0,100.0,693.0,1.4,64.0999984741211,40.6,0.0,1.0,0.0,0.0,,,Macedon Ranges,0.48,2,1,1,0
MACORNA,2.0,67.0,1.0,0.0,0.0,1.0,869.0,1.4138,0.0,3.0,13.0,3.0,4.0,27.0,0.0,52.4000015258789,25.4,0.0,0.0,0.0,0.0,,,Swan Hill,14.93,0,0,0,0
MAGPIE,22.0,368.0,1.0,0.0,0.0,1.0,653.0,1.1647,0.0,13.0,45.0,20.0,37.0,118.0,0.0,62.0999984741211,41.6,0.0,0.0,0.0,0.0,,,Corangamite,2.72,1,1,1,0
MALDON,0.0,1665.0,1.0,0.0,0.0,1.0,592.0,0.961,19.0,302.0,287.0,120.0,54.0,780.0,2.4,44.5,51.1,0.0,0.0,2.0,8.0,,,Loddon,0.6,1,1,1,0
MALMSBURY,20.0,905.0,1.0,0.0,0.0,1.0,769.0,1.0833,8.0,97.0,164.0,57.0,29.0,348.0,2.3,61.7000007629395,45.6,0.0,1.0,0.0,0.0,,,Mount Alexander,1.1,1,1,1,0
MANANGATANG,4.0,274.0,1.0,0.0,0.0,1.0,634.0,0.9568,5.0,30.0,45.0,22.0,15.0,117.0,4.3,56.9000015258789,32.8,0.0,0.0,1.0,2.0,,,Swan Hill,3.65,1,1,0,0
MANDURANG,1.0,753.0,1.0,0.0,0.0,1.0,966.0,1.1148,4.0,24.0,125.0,49.0,49.0,246.0,1.6,67.5,49.7,0.0,0.0,0.0,0.0,,,Mount Alexander,1.33,0,0,0,0
MANNERIM,56.0,108.0,1.0,0.0,0.0,1.0,937.0,0.9818,0.0,7.0,12.0,15.0,13.0,35.0,0.0,72.6999969482422,51.9,0.0,0.0,0.0,0.0,,,Greater Geelong,9.26,0,0,0,0
MANORINA,0.0,7.0,1.0,0.0,0.0,1.0,412.0,,0.0,3.0,0.0,0.0,0.0,0.0,,14.3000001907349,71.4,0.0,0.0,1.0,2.0,,,East Gippsland,142.86,0,0,0,0
MARKWOOD,2.0,230.0,1.0,0.0,0.0,1.0,730.0,1.0263,0.0,23.0,47.0,23.0,13.0,107.0,0.0,60.9000015258789,38.3,0.0,0.0,0.0,0.0,,,Moira,4.35,0,0,0,0
MARLO,2.0,602.0,1.0,0.0,0.0,1.0,694.0,1.0305,4.0,81.0,106.0,48.0,14.0,253.0,1.6,54.9000015258789,44.0,0.0,0.0,1.0,1.0,,,East Gippsland,1.66,1,1,1,0
MAROONA,3.0,80.0,1.0,0.0,0.0,1.0,916.0,1.1579,0.0,3.0,8.0,11.0,8.0,30.0,0.0,59.4000015258789,42.5,0.0,0.0,0.0,0.0,,,Northern Grampians,12.5,1,1,1,0
MCCRAE,0.0,3311.0,1.0,0.0,0.0,1.0,737.0,0.968,24.0,382.0,600.0,200.0,97.0,1308.0,1.8,51.4000015258789,43.5,0.0,0.0,2.0,10.0,,,Mornington Peninsula,0.3,0,0,0,0
MCKENZIE RIVER,0.0,,1.0,0.0,0.0,1.0,,,,,,,,,,,,0.0,0.0,0.0,0.0,,,,,0,0,0,0
MCKINNON,0.0,6878.0,1.0,0.0,0.0,1.0,963.0,0.9372,125.0,937.0,944.0,208.0,99.0,2316.0,5.4,67.5999984741211,25.6,0.0,0.0,1.0,25.0,1.0,1.0,Glen Eira,0.15,1,1,0,1
MCMAHONS CREEK,14.0,143.0,1.0,0.0,0.0,1.0,534.0,1.0143,3.0,25.0,11.0,7.0,5.0,56.0,5.4,50.5,39.2,0.0,0.0,0.0,0.0,,,Yarra Ranges,6.99,0,0,0,0
MEAD,2.0,102.0,1.0,0.0,0.0,1.0,673.0,0.98,0.0,7.0,17.0,4.0,5.0,37.0,0.0,65.0999984741211,33.3,0.0,0.0,0.0,0.0,,,Gannawarra,9.8,0,0,0,0
MEADOW HEIGHTS,313.0,14890.0,1.0,0.0,0.0,1.0,442.0,0.9653,256.0,1380.0,1540.0,609.0,355.0,4141.0,6.2,43.0999984741211,9.4,0.0,0.0,6.0,60.0,,,Hume,0.07,2,2,2,0
MERBEIN WEST,5.0,223.0,1.0,0.0,0.0,1.0,661.0,0.9244,0.0,12.0,30.0,12.0,16.0,67.0,0.0,59.0,43.5,0.0,0.0,0.0,0.0,,,Mildura,4.48,0,0,0,0
MERINGUR,0.0,70.0,1.0,0.0,0.0,1.0,525.0,1.8636,0.0,12.0,8.0,0.0,9.0,29.0,0.0,57.0999984741211,60.0,0.0,0.0,0.0,0.0,,,Mildura,14.29,0,0,0,0
MERRIMU,73.0,397.0,1.0,0.0,0.0,1.0,938.0,1.0952,0.0,18.0,28.0,27.0,36.0,107.0,0.0,65.5,31.2,0.0,0.0,0.0,0.0,,,Melton,2.52,0,0,0,0
MERRINEE,5.0,42.0,1.0,0.0,0.0,1.0,833.0,1.25,0.0,5.0,3.0,0.0,8.0,15.0,0.0,64.3000030517578,45.2,0.0,0.0,0.0,0.0,,,Mildura,23.81,0,0,0,0
MIGA LAKE,2.0,33.0,1.0,0.0,0.0,1.0,849.0,2.0833,0.0,0.0,0.0,5.0,4.0,10.0,0.0,69.1999969482422,36.4,0.0,0.0,0.0,0.0,,,Northern Grampians,30.3,0,0,0,0
MIRAM,0.0,36.0,1.0,0.0,0.0,1.0,1031.0,1.1765,0.0,3.0,4.0,3.0,0.0,13.0,0.0,85.3000030517578,52.8,0.0,0.0,0.0,0.0,,,West Wimmera,27.78,0,0,0,0
MIRAM SOUTH,0.0,,1.0,0.0,0.0,1.0,,,,,,,,,,,,0.0,0.0,0.0,0.0,,,,,0,0,0,0
MIRBOO NORTH,42.0,2263.0,1.0,0.0,0.0,1.0,625.0,0.9458,26.0,274.0,334.0,125.0,92.0,849.0,3.1,54.4000015258789,45.0,0.0,0.0,0.0,0.0,,,Baw Baw,0.44,2,2,1,1
MITTA MITTA,24.0,171.0,1.0,0.0,0.0,1.0,782.0,1.2,0.0,11.0,36.0,7.0,12.0,58.0,0.0,53.0999984741211,38.0,0.0,0.0,0.0,0.0,,,East Gippsland,5.85,1,1,1,0
MITTYACK,0.0,12.0,1.0,0.0,0.0,1.0,599.0,0.7,0.0,0.0,4.0,0.0,5.0,3.0,0.0,54.5,41.7,0.0,0.0,0.0,0.0,,,Hindmarsh,83.33,0,0,0,0
MOCKINYA,2.0,30.0,1.0,0.0,0.0,1.0,941.0,0.4444,0.0,0.0,0.0,0.0,3.0,7.0,0.0,72.1999969482422,50.0,0.0,0.0,0.0,0.0,,,Northern Grampians,33.33,0,0,0,0
MOKEPILLY,3.0,6.0,1.0,0.0,0.0,1.0,850.0,,0.0,0.0,0.0,0.0,0.0,0.0,,66.6999969482422,,0.0,0.0,0.0,0.0,,,Northern Grampians,166.67,0,0,0,0
MOLESWORTH,6.0,91.0,1.0,0.0,0.0,1.0,660.0,0.92,4.0,7.0,17.0,6.0,6.0,39.0,10.3,57.0,36.3,0.0,0.0,1.0,2.0,,,Murrindindi,10.99,0,0,0,0
MOOLERR,1.0,23.0,1.0,0.0,0.0,1.0,866.0,0.75,0.0,4.0,0.0,3.0,4.0,10.0,0.0,65.0,43.5,0.0,0.0,0.0,0.0,,,Loddon,43.48,0,0,0,0
MOONEE PONDS,263.0,16224.0,1.0,0.0,1.0,2.0,1113.0,0.931,1042.0,3146.0,1930.0,436.0,215.0,6772.0,15.4,70.1999969482422,27.0,10.0,0.0,13.0,67.0,1.0,1.0,Moonee Valley,0.12,3,2,3,0
MOORABBIN AIRPORT,20.0,26.0,1.0,0.0,0.0,1.0,0.0,,0.0,0.0,0.0,0.0,0.0,0.0,,20.0,76.9,0.0,0.0,3.0,9.0,,,Kingston (Vic.),38.46,0,0,0,0
MOORABBIN EAST,0.0,,1.0,0.0,0.0,1.0,,,,,,,,,,,,0.0,0.0,0.0,0.0,,,Kingston (Vic.),,0,0,0,0
MOORALLA,1.0,79.0,1.0,0.0,0.0,1.0,933.0,1.1111,0.0,7.0,5.0,5.0,9.0,30.0,0.0,79.4000015258789,34.2,0.0,0.0,0.0,0.0,,,Northern Grampians,12.66,0,0,0,0
MOOROODUC,130.0,1004.0,1.0,2.0,0.0,3.0,837.0,0.998,6.0,54.0,110.0,75.0,97.0,340.0,1.8,68.5,47.5,0.0,0.0,0.0,0.0,,,Mornington Peninsula,2.99,1,1,1,0
MOOROOPNA NORTH,12.0,144.0,1.0,0.0,0.0,1.0,675.0,1.2308,0.0,9.0,10.0,8.0,12.0,43.0,0.0,58.4000015258789,38.9,0.0,0.0,0.0,0.0,,,Greater Shepparton,6.94,0,0,0,0
MORIAC,6.0,852.0,1.0,0.0,0.0,1.0,1002.0,0.9655,0.0,22.0,126.0,56.0,58.0,266.0,0.0,75.9000015258789,43.7,0.0,0.0,0.0,0.0,,,Surf Coast,1.17,1,1,1,0
MORTLAKE,7.0,1477.0,1.0,0.0,0.0,1.0,572.0,0.9104,25.0,209.0,226.0,86.0,56.0,597.0,4.2,50.7000007629395,46.8,0.0,0.0,1.0,2.0,,,Ararat,0.68,2,1,1,0
MOUNT BEAUTY,0.0,910.0,1.0,0.0,0.0,1.0,636.0,0.9321,30.0,186.0,131.0,33.0,18.0,402.0,7.5,49.7000007629395,39.0,0.0,0.0,0.0,0.0,,,East Gippsland,1.1,2,2,1,1
MOUNT EVELYN,5.0,9799.0,1.0,1.0,0.0,2.0,828.0,0.985,63.0,784.0,1444.0,582.0,474.0,3350.0,1.9,69.8000030517578,45.8,0.0,0.0,4.0,43.0,,,Yarra Ranges,0.2,5,3,3,0
MOUNT FRANKLIN,2.0,99.0,1.0,0.0,0.0,1.0,1109.0,1.1556,0.0,7.0,19.0,8.0,3.0,35.0,0.0,70.0,38.4,0.0,0.0,0.0,0.0,,,Macedon Ranges,10.1,0,0,0,0
MOUNT HELEN,35.0,3011.0,1.0,0.0,0.0,1.0,808.0,1.012,11.0,246.0,449.0,179.0,99.0,993.0,1.1,65.8000030517578,43.4,0.0,0.0,3.0,19.0,,,Ballarat,0.33,0,0,0,0
MOUNT LANGI GHIRAN,0.0,,1.0,0.0,0.0,1.0,,,,,,,,,,,,0.0,0.0,0.0,0.0,,,,,0,0,0,0
MOUNT PROSPECT,0.0,41.0,1.0,0.0,0.0,1.0,939.0,0.8636,0.0,5.0,3.0,5.0,4.0,19.0,0.0,72.1999969482422,29.3,0.0,0.0,0.0,0.0,,,Central Goldfields,24.39,0,0,0,0
MOUNT RICHMOND,13.0,42.0,1.0,0.0,0.0,1.0,669.0,1.2941,0.0,0.0,3.0,4.0,6.0,14.0,0.0,90.3000030517578,31.0,0.0,0.0,0.0,0.0,,,Glenelg,23.81,0,0,0,0
MOUNT ROWAN,2.0,295.0,1.0,0.0,0.0,1.0,710.0,1.0,4.0,24.0,41.0,14.0,25.0,107.0,3.7,58.7999992370606,44.7,0.0,0.0,1.0,15.0,,,Corangamite,3.39,0,0,0,0
MOUNT WALLACE,2.0,117.0,1.0,0.0,0.0,1.0,680.0,1.0517,0.0,5.0,20.0,13.0,6.0,43.0,0.0,58.7999992370606,30.8,0.0,0.0,0.0,0.0,,,Golden Plains,8.55,0,0,0,0
MOUTAJUP,2.0,108.0,1.0,0.0,0.0,1.0,1102.0,1.3556,0.0,8.0,11.0,10.0,8.0,32.0,0.0,82.9000015258789,28.7,0.0,0.0,0.0,0.0,,,Ararat,9.26,0,0,0,0
MOYHU,9.0,437.0,1.0,0.0,0.0,1.0,690.0,1.0234,3.0,43.0,69.0,27.0,27.0,164.0,1.8,59.2000007629395,45.8,0.0,0.0,0.0,0.0,,,Wangaratta,2.29,1,1,1,0
MOYSTON,12.0,403.0,1.0,0.0,0.0,1.0,627.0,1.1551,4.0,39.0,65.0,27.0,18.0,155.0,2.6,55.5999984741211,42.4,0.0,0.0,1.0,1.0,,,Northern Grampians,2.48,1,1,1,0
MUCKLEFORD,24.0,426.0,1.0,0.0,0.0,1.0,694.0,1.1949,0.0,22.0,62.0,33.0,29.0,150.0,0.0,60.2999992370606,48.1,0.0,0.0,1.0,2.0,,,Hepburn,2.35,1,0,0,0
MUDGEGONGA,7.0,184.0,1.0,0.0,0.0,1.0,743.0,0.9043,0.0,17.0,35.0,21.0,10.0,79.0,0.0,75.1999969482422,40.8,0.0,0.0,0.0,0.0,,,Wangaratta,5.43,0,0,0,0
MUMBANNAR,14.0,100.0,1.0,0.0,0.0,1.0,942.0,0.9423,0.0,5.0,15.0,10.0,13.0,40.0,0.0,67.0,47.0,0.0,0.0,0.0,0.0,,,Moyne,10.0,0,0,0,0
MURGHEBOLUC,13.0,132.0,1.0,0.0,0.0,1.0,862.0,1.0149,0.0,5.0,15.0,9.0,10.0,41.0,0.0,67.3000030517578,48.5,0.0,0.0,0.0,0.0,,,Golden Plains,7.58,0,0,0,0
MURRAYVILLE,1.0,278.0,1.0,0.0,0.0,1.0,666.0,1.2397,4.0,39.0,47.0,17.0,16.0,115.0,3.5,58.7999992370606,36.7,0.0,0.0,1.0,1.0,,,Mildura,3.6,1,1,0,0
MURROON,12.0,95.0,1.0,0.0,0.0,1.0,737.0,1.0652,0.0,4.0,10.0,5.0,7.0,27.0,0.0,63.4000015258789,36.8,0.0,0.0,0.0,0.0,,,Colac Otway,10.53,0,0,0,0
MURTOA,4.0,897.0,1.0,2.0,0.0,3.0,621.0,1.0787,12.0,145.0,148.0,57.0,24.0,386.0,3.1,49.7999992370606,41.6,0.0,0.0,1.0,2.0,,,Horsham,3.34,2,1,1,0
MYAMYN,1.0,64.0,1.0,0.0,0.0,1.0,575.0,1.25,0.0,4.0,12.0,3.0,5.0,25.0,0.0,63.5,56.2,0.0,0.0,1.0,1.0,,,Moyne,15.62,0,0,0,0
MYERS FLAT,6.0,545.0,1.0,0.0,0.0,1.0,691.0,1.1,5.0,40.0,55.0,46.0,43.0,193.0,2.6,60.5,46.2,0.0,0.0,0.0,0.0,,,Loddon,1.83,0,0,0,0
MYOLA,5.0,7.0,1.0,0.0,0.0,1.0,900.0,1.0,0.0,0.0,0.0,0.0,0.0,5.0,0.0,40.0,85.7,0.0,0.0,0.0,0.0,,,Mount Alexander,142.86,0,0,0,0
MYRTLEBANK,0.0,126.0,1.0,0.0,0.0,1.0,866.0,1.2034,0.0,8.0,20.0,4.0,10.0,46.0,0.0,56.9000015258789,45.2,0.0,0.0,0.0,0.0,,,Wellington,7.94,0,0,0,0
MYSTIC PARK,3.0,212.0,1.0,0.0,0.0,1.0,575.0,1.0185,0.0,17.0,35.0,20.0,9.0,80.0,0.0,54.2999992370606,40.1,0.0,0.0,0.0,0.0,,,Swan Hill,4.72,0,0,0,0
NAMBROK,18.0,280.0,1.0,0.0,0.0,1.0,752.0,0.8933,0.0,15.0,34.0,22.0,17.0,93.0,0.0,60.9000015258789,35.0,0.0,0.0,0.0,0.0,,,Wellington,3.57,1,1,1,0
NANDALY,1.0,30.0,1.0,0.0,0.0,1.0,687.0,1.5,0.0,5.0,5.0,10.0,0.0,13.0,0.0,44.4000015258789,36.7,0.0,0.0,0.0,0.0,,,Swan Hill,33.33,0,0,0,0
NANGILOC,0.0,153.0,1.0,0.0,0.0,1.0,654.0,1.3906,5.0,25.0,22.0,9.0,13.0,68.0,7.4,69.3000030517578,39.2,0.0,0.0,0.0,0.0,,,Mildura,6.54,1,1,1,0
NANNEELLA,7.0,425.0,1.0,0.0,0.0,1.0,712.0,0.9234,0.0,22.0,52.0,28.0,27.0,130.0,0.0,67.8000030517578,42.6,0.0,0.0,0.0,0.0,,,Campaspe,2.35,1,1,1,0
NAPOLEONS,4.0,555.0,1.0,0.0,0.0,1.0,727.0,1.1445,0.0,26.0,63.0,47.0,50.0,188.0,0.0,58.7000007629395,43.6,0.0,0.0,0.0,0.0,,,Corangamite,1.8,1,1,1,0
NARBETHONG,7.0,201.0,1.0,0.0,0.0,1.0,790.0,1.4198,0.0,15.0,27.0,16.0,21.0,78.0,0.0,69.8000030517578,39.3,0.0,0.0,1.0,2.0,,,Yarra Ranges,4.98,0,0,0,0
NARRAWONG,7.0,462.0,1.0,0.0,0.0,1.0,771.0,1.0312,3.0,33.0,63.0,41.0,24.0,169.0,1.8,58.2000007629395,39.4,0.0,0.0,1.0,2.0,,,Moyne,2.16,1,1,1,0
NARRE WARREN EAST,16.0,434.0,1.0,0.0,0.0,1.0,936.0,1.1256,3.0,15.0,40.0,29.0,42.0,133.0,2.3,69.3000030517578,28.6,0.0,0.0,3.0,7.0,,,Yarra Ranges,2.3,0,0,0,0
NARRE WARREN NORTH,229.0,8033.0,1.0,0.0,1.0,2.0,795.0,0.996,16.0,222.0,802.0,547.0,607.0,2203.0,0.7,63.4000015258789,23.9,0.0,0.0,8.0,22.0,,,Yarra Ranges,0.25,5,1,3,0
NARRUNG,0.0,24.0,1.0,0.0,0.0,1.0,474.0,1.4,0.0,0.0,4.0,0.0,0.0,6.0,0.0,68.8000030517578,37.5,0.0,0.0,0.0,0.0,,,Swan Hill,41.67,0,0,0,0
NAVIGATORS,7.0,276.0,1.0,0.0,0.0,1.0,709.0,1.0373,0.0,11.0,33.0,22.0,22.0,88.0,0.0,64.4000015258789,48.9,0.0,0.0,1.0,2.0,,,Corangamite,3.62,0,0,0,0
NEERIM JUNCTION,6.0,139.0,1.0,0.0,0.0,1.0,687.0,0.7733,0.0,11.0,22.0,18.0,5.0,59.0,0.0,56.7000007629395,39.6,0.0,0.0,1.0,1.0,,,Baw Baw,7.19,0,0,0,0
NEERIM SOUTH,42.0,1599.0,1.0,0.0,0.0,1.0,678.0,1.0344,6.0,142.0,236.0,102.0,74.0,556.0,1.1,54.4000015258789,43.7,0.0,0.0,1.0,5.0,,,Baw Baw,0.63,2,2,1,1
NEWBRIDGE,12.0,171.0,1.0,0.0,0.0,1.0,567.0,1.1235,0.0,25.0,22.0,13.0,19.0,76.0,0.0,58.4000015258789,44.4,0.0,0.0,1.0,2.0,,,Mount Alexander,5.85,0,0,0,0
NEWHAVEN,26.0,547.0,1.0,1.0,0.0,2.0,673.0,0.9964,5.0,65.0,92.0,30.0,17.0,215.0,2.3,48.2999992370606,43.3,0.0,0.0,1.0,4.0,,,Bass Coast,3.66,1,1,1,0
NEWLYN,13.0,136.0,1.0,0.0,0.0,1.0,665.0,1.0,0.0,12.0,23.0,13.0,3.0,53.0,0.0,61.7999992370606,43.4,0.0,0.0,0.0,0.0,,,Central Goldfields,7.35,1,1,1,0
NEWMERELLA,5.0,415.0,1.0,0.0,0.0,1.0,566.0,1.065,0.0,37.0,66.0,25.0,20.0,151.0,0.0,51.2000007629395,39.3,0.0,0.0,1.0,2.0,,,East Gippsland,2.41,1,1,1,0
NEWSTEAD,15.0,820.0,1.0,0.0,0.0,1.0,623.0,1.0475,0.0,121.0,126.0,54.0,40.0,353.0,0.0,52.0,47.2,0.0,0.0,1.0,4.0,,,Mount Alexander,1.22,1,1,1,0
NEWTOWN,0.0,10445.0,1.0,0.0,1.0,2.0,,,,,,,,,,,,0.0,0.0,0.0,0.0,,,Greater Geelong,0.19,7,3,4,2
NHILL,20.0,2401.0,1.0,1.0,0.0,2.0,717.0,0.9778,56.0,302.0,320.0,140.0,114.0,936.0,6.0,56.2000007629395,37.7,0.0,0.0,1.0,2.0,,,West Wimmera,0.83,3,1,2,0
NIDDRIE,171.0,5901.0,1.0,0.0,0.0,1.0,965.0,0.9187,118.0,779.0,901.0,251.0,133.0,2178.0,5.4,68.8000030517578,24.0,0.0,0.0,5.0,29.0,,,Brimbank,0.17,4,3,2,1
NILMA,2.0,410.0,1.0,0.0,0.0,1.0,736.0,0.8333,0.0,26.0,48.0,29.0,21.0,127.0,0.0,59.7000007629395,44.9,0.0,0.0,0.0,0.0,,,Baw Baw,2.44,1,1,1,0
NILMA NORTH,0.0,344.0,1.0,0.0,0.0,1.0,716.0,0.9942,3.0,5.0,47.0,40.0,17.0,108.0,2.8,58.7999992370606,42.4,0.0,0.0,0.0,0.0,,,Baw Baw,2.91,0,0,0,0
NINDA,2.0,9.0,1.0,0.0,0.0,1.0,1624.0,3.0,0.0,0.0,3.0,0.0,0.0,0.0,,75.0,,0.0,0.0,0.0,0.0,,,Swan Hill,111.11,0,0,0,0
NOORINBEE,0.0,84.0,1.0,0.0,0.0,1.0,675.0,1.1842,0.0,9.0,12.0,4.0,3.0,31.0,0.0,53.0999984741211,46.4,0.0,0.0,0.0,0.0,,,East Gippsland,11.9,0,0,0,0
NORTH GEELONG,50.0,3225.0,1.0,1.0,0.0,2.0,730.0,0.9469,97.0,471.0,407.0,91.0,55.0,1125.0,8.6,55.2000007629395,28.7,0.0,1.0,6.0,34.0,,,Greater Geelong,0.62,1,1,0,1
NORTH MELBOURNE,0.0,14953.0,1.0,0.0,0.0,1.0,943.0,0.9499,2095.0,3249.0,879.0,126.0,43.0,6393.0,32.8,67.6999969482422,21.8,0.0,0.0,3.0,23.0,3.0,6.0,Melbourne,0.07,5,1,2,1
NORTH WARRANDYTE,70.0,3027.0,1.0,0.0,0.0,1.0,1028.0,1.0187,8.0,159.0,471.0,199.0,140.0,970.0,0.8,70.4000015258789,43.2,0.0,0.0,2.0,31.0,,,Nillumbik,0.33,0,0,0,0
NORTHCOTE,245.0,25276.0,1.0,0.0,1.0,2.0,1166.0,0.8961,1371.0,5136.0,2789.0,595.0,258.0,10154.0,13.5,72.3000030517578,34.3,62.0,0.0,8.0,74.0,5.0,2.0,Moreland,0.08,6,4,3,2
NULLAWIL,2.0,92.0,1.0,0.0,0.0,1.0,624.0,1.1628,0.0,11.0,7.0,3.0,10.0,36.0,0.0,64.3000030517578,51.1,0.0,0.0,1.0,2.0,,,Buloke,10.87,0,0,0,0
OAK PARK,1.0,6714.0,1.0,0.0,0.0,1.0,995.0,0.9791,166.0,1133.0,877.0,245.0,118.0,2544.0,6.5,69.8000030517578,23.7,0.0,0.0,3.0,19.0,1.0,1.0,Moreland,0.15,2,1,2,0
OAKLANDS JUNCTION,21.0,439.0,1.0,0.0,0.0,1.0,910.0,1.0,4.0,17.0,31.0,31.0,42.0,125.0,3.2,66.6999969482422,28.0,0.0,0.0,0.0,0.0,,,Hume,2.28,0,0,0,0
OAKLEIGH EAST,324.0,6804.0,1.0,0.0,3.0,4.0,822.0,0.9953,161.0,922.0,967.0,275.0,125.0,2439.0,6.6,65.5999984741211,15.6,0.0,0.0,9.0,28.0,,,Monash,0.59,2,1,2,0
OFFICER,8.0,18503.0,1.0,1.0,0.0,2.0,970.0,0.954,83.0,1917.0,2970.0,766.0,371.0,6099.0,1.4,74.8000030517578,28.7,0.0,0.0,4.0,36.0,1.0,1.0,Cardinia,0.11,9,7,7,1
OLD TOOLAMBA,0.0,,1.0,0.0,0.0,1.0,,,,,,,,,,,,0.0,0.0,0.0,0.0,,,,,0,0,0,0
OMEO,19.0,411.0,1.0,0.0,0.0,1.0,674.0,1.0098,4.0,48.0,55.0,28.0,17.0,157.0,2.5,49.7000007629395,42.1,0.0,0.0,1.0,1.0,,,Alpine,2.43,1,1,1,0
OVENS,4.0,197.0,1.0,0.0,0.0,1.0,734.0,1.0421,0.0,17.0,38.0,13.0,12.0,76.0,0.0,64.5,36.0,0.0,0.0,0.0,0.0,,,Alpine,5.08,0,0,0,0
PAKENHAM UPPER,81.0,1196.0,1.0,0.0,0.0,1.0,880.0,1.0443,3.0,56.0,128.0,91.0,101.0,381.0,0.8,69.9000015258789,40.4,0.0,0.0,1.0,13.0,,,Cardinia,0.84,0,0,0,0
PANITYA,0.0,67.0,1.0,0.0,0.0,1.0,912.0,0.8889,0.0,0.0,5.0,4.0,10.0,18.0,0.0,71.0999984741211,28.4,0.0,0.0,0.0,0.0,,,Mildura,14.93,0,0,0,0
PANMURE,7.0,442.0,1.0,0.0,0.0,1.0,806.0,0.9254,3.0,24.0,66.0,36.0,27.0,156.0,1.9,68.5,38.0,0.0,0.0,0.0,0.0,,,Corangamite,2.26,1,1,1,0
PARK ORCHARDS,0.0,3835.0,1.0,0.0,0.0,1.0,958.0,1.0312,9.0,149.0,476.0,259.0,257.0,1154.0,0.8,66.6999969482422,40.2,0.0,0.0,2.0,25.0,,,Maroondah,0.26,2,1,2,0
PAYNESVILLE,16.0,3636.0,1.0,0.0,0.0,1.0,561.0,0.8869,56.0,658.0,653.0,188.0,79.0,1630.0,3.4,38.0999984741211,50.5,0.0,0.0,2.0,2.0,,,Wellington,0.28,1,1,1,0
PEDERICK,0.0,,1.0,0.0,0.0,1.0,,,,,,,,,,,,0.0,0.0,0.0,0.0,,,,,0,0,0,0
PEECHELBA,4.0,177.0,1.0,0.0,0.0,1.0,820.0,1.1728,0.0,13.0,30.0,13.0,16.0,71.0,0.0,56.0,31.1,0.0,0.0,0.0,0.0,,,Moira,5.65,0,0,0,0
PENSHURST,10.0,677.0,1.0,0.0,0.0,1.0,550.0,1.0864,8.0,91.0,88.0,45.0,32.0,262.0,3.1,49.0999984741211,40.5,0.0,0.0,1.0,2.0,,,Moyne,1.48,2,1,2,0
PERRY BRIDGE,10.0,72.0,1.0,0.0,0.0,1.0,702.0,1.1471,0.0,3.0,15.0,11.0,9.0,29.0,0.0,65.6999969482422,40.3,0.0,0.0,0.0,0.0,,,Alpine,13.89,0,0,0,0
PHEASANT CREEK,24.0,360.0,1.0,0.0,0.0,1.0,888.0,1.069,0.0,20.0,49.0,27.0,12.0,105.0,0.0,58.5,36.9,0.0,0.0,1.0,2.0,,,Nillumbik,2.78,0,0,0,0
PIAMBIE,0.0,,1.0,0.0,0.0,1.0,,,,,,,,,,,,0.0,0.0,0.0,0.0,,,,,0,0,0,0
PICOLA,3.0,206.0,1.0,0.0,0.0,1.0,515.0,1.1562,0.0,19.0,29.0,18.0,23.0,84.0,0.0,60.4000015258789,36.4,0.0,0.0,1.0,1.0,,,Moira,4.85,0,0,0,0
PITTONG,6.0,12.0,1.0,0.0,0.0,1.0,900.0,1.7143,0.0,3.0,4.0,0.0,0.0,10.0,0.0,66.6999969482422,66.7,0.0,0.0,0.0,0.0,,,Corangamite,83.33,0,0,0,0
POINT LONSDALE,3.0,3788.0,1.0,0.0,0.0,1.0,833.0,0.8606,45.0,608.0,683.0,144.0,69.0,1550.0,2.9,44.2000007629395,48.5,0.0,0.0,1.0,25.0,,,Greater Geelong,0.26,1,1,1,0
POMBORNEIT,5.0,73.0,1.0,0.0,0.0,1.0,537.0,1.4828,0.0,13.0,4.0,3.0,5.0,26.0,0.0,55.2000007629395,54.8,0.0,0.0,0.0,0.0,,,Colac Otway,13.7,0,0,0,0
POMONAL,1.0,356.0,1.0,0.0,0.0,1.0,783.0,1.0407,0.0,30.0,62.0,29.0,14.0,139.0,0.0,63.0,47.2,0.0,0.0,1.0,1.0,,,Ararat,2.81,1,1,1,0
PORT CAMPBELL,8.0,440.0,1.0,2.0,0.0,3.0,923.0,1.0279,5.0,49.0,60.0,34.0,19.0,162.0,3.1,69.0999984741211,31.6,0.0,0.0,1.0,2.0,,,Corangamite,6.82,0,0,0,0
PORT FAIRY,34.0,3742.0,1.0,0.0,0.0,1.0,745.0,0.8771,69.0,496.0,636.0,162.0,76.0,1432.0,4.8,52.5999984741211,40.5,0.0,0.0,2.0,21.0,,,Moyne,0.27,2,1,2,0
PORTARLINGTON,31.0,4436.0,1.0,0.0,0.0,1.0,575.0,0.9316,65.0,781.0,737.0,203.0,95.0,1876.0,3.5,39.7999992370606,42.2,0.0,0.0,1.0,36.0,,,Greater Geelong,0.23,1,1,1,0
PORTSEA,8.0,787.0,1.0,0.0,0.0,1.0,1541.0,1.0205,3.0,110.0,151.0,41.0,24.0,327.0,0.9,40.9000015258789,50.6,0.0,0.0,1.0,18.0,,,Mornington Peninsula,1.27,0,0,0,0
POUND CREEK,19.0,126.0,1.0,0.0,0.0,1.0,959.0,1.0517,0.0,5.0,19.0,17.0,7.0,48.0,0.0,60.7000007629395,52.4,0.0,0.0,0.0,0.0,,,South Gippsland,7.94,0,0,0,0
PUCKAPUNYAL,16.0,1108.0,1.0,0.0,0.0,1.0,1300.0,1.6675,5.0,60.0,143.0,24.0,3.0,228.0,2.2,83.5999984741211,37.4,0.0,0.0,1.0,14.0,,,Mitchell,0.9,1,1,1,0
PURNIM,14.0,292.0,1.0,0.0,0.0,1.0,746.0,1.0138,0.0,22.0,45.0,18.0,14.0,98.0,0.0,68.5999984741211,30.8,0.0,0.0,0.0,0.0,,,Moyne,3.42,0,0,0,0
PYALONG,3.0,772.0,1.0,0.0,0.0,1.0,728.0,0.9923,3.0,38.0,102.0,62.0,53.0,251.0,1.2,62.7999992370606,39.8,0.0,0.0,1.0,2.0,,,Mitchell,1.3,1,1,1,0
QUANTONG,0.0,354.0,1.0,0.0,0.0,1.0,905.0,1.1317,0.0,11.0,42.0,40.0,32.0,123.0,0.0,73.8000030517578,40.4,0.0,0.0,0.0,0.0,,,Northern Grampians,2.82,0,0,0,0
RAVENHALL,286.0,2295.0,1.0,0.0,0.0,1.0,849.0,5.0957,4.0,6.0,3.0,0.0,0.0,6.0,66.7,0.400000005960465,0.2,0.0,1.0,3.0,7.0,,,Brimbank,0.44,0,0,0,0
RAYWOOD,8.0,329.0,1.0,0.0,0.0,1.0,562.0,0.9471,0.0,16.0,42.0,32.0,25.0,111.0,0.0,55.7999992370606,52.3,0.0,1.0,1.0,1.0,,,Loddon,3.04,1,1,1,0
RED BLUFF,0.0,,1.0,0.0,0.0,1.0,,,,,,,,,,,,0.0,0.0,0.0,0.0,,,Towong,,0,0,0,0
RED HILL,53.0,1009.0,1.0,0.0,0.0,1.0,962.0,1.0638,0.0,73.0,132.0,74.0,48.0,326.0,0.0,60.2000007629395,48.8,0.0,0.0,0.0,0.0,,,Mornington Peninsula,0.99,1,1,1,0
RESEARCH,0.0,2695.0,1.0,0.0,0.0,1.0,1053.0,0.9615,15.0,142.0,392.0,167.0,143.0,863.0,1.7,68.8000030517578,41.1,0.0,0.0,3.0,15.0,,,Banyule,0.37,2,1,1,0
RINGWOOD NORTH,5.0,9964.0,1.0,0.0,0.0,1.0,882.0,0.9788,78.0,854.0,1624.0,539.0,295.0,3388.0,2.3,66.1999969482422,35.4,0.0,0.0,5.0,61.0,,,Manningham,0.1,3,2,3,0
RIPPLEBROOK,23.0,268.0,1.0,0.0,0.0,1.0,711.0,1.1855,0.0,10.0,30.0,19.0,21.0,87.0,0.0,66.0,43.3,0.0,0.0,0.0,0.0,,,Baw Baw,3.73,1,1,1,0
RIPPONLEA,60.0,1532.0,1.0,0.0,1.0,2.0,1190.0,0.9056,115.0,350.0,174.0,25.0,10.0,668.0,17.2,77.1999969482422,32.6,0.0,0.0,2.0,8.0,1.0,1.0,Port Phillip,1.31,0,0,0,0
RIVERSIDE,3.0,287.0,1.0,0.0,0.0,1.0,924.0,1.0876,0.0,9.0,40.0,23.0,17.0,93.0,0.0,63.0999984741211,39.0,0.0,0.0,0.0,0.0,,,Northern Grampians,3.48,0,0,0,0
ROCHESTER,22.0,3154.0,1.0,0.0,0.0,1.0,583.0,0.9523,67.0,467.0,449.0,188.0,114.0,1276.0,5.3,47.4000015258789,43.8,0.0,1.0,1.0,1.0,,,Campaspe,0.32,3,2,2,1
ROCKBANK,49.0,2583.0,1.0,0.0,0.0,1.0,896.0,1.1189,43.0,333.0,366.0,110.0,46.0,889.0,4.8,69.6999969482422,15.4,0.0,1.0,3.0,10.0,,,Melton,0.39,1,1,1,0
ROSEDALE,5.0,1729.0,1.0,0.0,0.0,1.0,620.0,0.9897,21.0,196.0,245.0,108.0,82.0,653.0,3.2,53.0999984741211,43.3,0.0,1.0,1.0,2.0,,,Wellington,0.58,1,1,1,0
ROSS CREEK,15.0,1221.0,1.0,0.0,0.0,1.0,823.0,1.0264,6.0,50.0,159.0,91.0,95.0,396.0,1.5,71.3000030517578,43.0,0.0,0.0,0.0,0.0,,,Moyne,0.82,0,0,0,0
RUBY,0.0,187.0,1.0,0.0,0.0,1.0,836.0,0.9,0.0,8.0,25.0,13.0,20.0,68.0,0.0,66.5,40.6,0.0,0.0,0.0,0.0,,,Baw Baw,5.35,0,0,0,0
RUNNING CREEK,0.0,36.0,1.0,0.0,0.0,1.0,489.0,0.8182,0.0,5.0,5.0,0.0,5.0,15.0,0.0,61.2999992370606,30.6,0.0,0.0,0.0,0.0,,,Albury,27.78,0,0,0,0
RUSHWORTH,34.0,1411.0,1.0,0.0,0.0,1.0,486.0,1.0629,26.0,216.0,182.0,93.0,60.0,576.0,4.5,40.2000007629395,41.2,0.0,0.0,1.0,2.0,,,Strathbogie,0.71,2,1,1,0
SAILORS GULLY,7.0,743.0,1.0,0.0,0.0,1.0,663.0,1.0552,7.0,75.0,120.0,55.0,38.0,285.0,2.5,57.0,47.9,0.0,0.0,0.0,0.0,,,Loddon,1.35,0,0,0,0
SAN REMO,26.0,1700.0,1.0,1.0,0.0,2.0,727.0,0.9486,23.0,253.0,294.0,74.0,33.0,673.0,3.4,49.5,42.6,0.0,0.0,1.0,1.0,,,Bass Coast,1.18,1,1,1,0
SANDFORD,0.0,130.0,1.0,0.0,0.0,1.0,483.0,1.0769,4.0,25.0,21.0,12.0,8.0,61.0,6.6,47.2999992370606,43.8,0.0,0.0,0.0,0.0,,,Southern Grampians,7.69,0,0,0,0
SANDHURST,56.0,5211.0,1.0,2.0,0.0,3.0,1093.0,1.0015,8.0,330.0,972.0,268.0,124.0,1706.0,0.5,71.1999969482422,36.0,0.0,0.0,2.0,5.0,,,Frankston,0.58,0,0,0,0
SARSFIELD,23.0,543.0,1.0,0.0,0.0,1.0,673.0,1.0336,0.0,42.0,82.0,43.0,31.0,206.0,0.0,56.4000015258789,46.2,0.0,0.0,0.0,0.0,,,East Gippsland,1.84,0,0,0,0
SASSAFRAS,0.0,970.0,1.0,0.0,0.0,1.0,891.0,1.023,3.0,102.0,147.0,62.0,38.0,356.0,0.8,66.5999984741211,46.7,0.0,0.0,2.0,12.0,,,Knox,1.03,2,2,1,0
SAWMILL SETTLEMENT,0.0,86.0,1.0,0.0,0.0,1.0,850.0,0.9535,0.0,9.0,11.0,6.0,4.0,28.0,0.0,56.2999992370606,31.4,0.0,0.0,0.0,0.0,,,Murrindindi,11.63,0,0,0,0
SEDDON,0.0,5143.0,1.0,0.0,0.0,1.0,1274.0,1.0039,240.0,1123.0,583.0,95.0,25.0,2063.0,11.6,75.8000030517578,33.4,0.0,0.0,7.0,17.0,1.0,1.0,Maribyrnong,0.19,0,0,0,0
SEVILLE,17.0,2559.0,1.0,0.0,0.0,1.0,900.0,0.9914,3.0,154.0,357.0,162.0,159.0,828.0,0.4,71.5,44.6,0.0,0.0,2.0,8.0,,,Cardinia,0.39,1,1,1,0
SHEEP HILLS,3.0,27.0,1.0,0.0,0.0,1.0,1125.0,1.0769,0.0,0.0,3.0,4.0,4.0,10.0,0.0,59.0999984741211,40.7,0.0,0.0,1.0,2.0,,,Yarriambiack,37.04,0,0,0,0
SHEPPARTON EAST,64.0,1192.0,1.0,0.0,0.0,1.0,780.0,1.1344,5.0,56.0,131.0,79.0,90.0,369.0,1.4,65.5999984741211,27.9,0.0,0.0,0.0,0.0,,,Strathbogie,0.84,1,1,1,0
SHEPPARTON NORTH,12.0,2048.0,1.0,0.0,0.0,1.0,957.0,0.9703,11.0,106.0,286.0,96.0,66.0,562.0,2.0,72.6999969482422,24.9,0.0,0.0,1.0,4.0,,,Strathbogie,0.49,2,0,1,0
SILVAN,21.0,1323.0,1.0,0.0,0.0,1.0,805.0,1.037,11.0,72.0,125.0,83.0,115.0,411.0,2.7,66.9000015258789,41.2,0.0,0.0,1.0,20.0,,,Yarra Ranges,0.76,1,1,1,0
SILVER CREEK,0.0,,1.0,0.0,0.0,1.0,,,,,,,,,,,,0.0,0.0,0.0,0.0,,,Wangaratta,,0,0,0,0
SKENES CREEK,14.0,249.0,1.0,0.0,0.0,1.0,705.0,0.903,0.0,48.0,34.0,15.0,0.0,98.0,0.0,49.5,39.8,0.0,0.0,1.0,2.0,,,Colac Otway,4.02,0,0,0,0
SKIPTON,6.0,609.0,1.0,0.0,0.0,1.0,493.0,0.955,13.0,92.0,89.0,44.0,16.0,252.0,5.2,43.0999984741211,40.2,0.0,0.0,1.0,1.0,,,Ararat,1.64,1,1,1,0
SMITHS GULLY,23.0,356.0,1.0,0.0,0.0,1.0,1012.0,0.8989,0.0,15.0,34.0,38.0,23.0,112.0,0.0,71.1999969482422,43.8,0.0,0.0,0.0,0.0,,,Nillumbik,2.81,0,0,0,0
SMOKO,7.0,56.0,1.0,0.0,0.0,1.0,687.0,1.1667,0.0,3.0,10.0,5.0,5.0,23.0,0.0,62.2000007629395,33.9,0.0,0.0,0.0,0.0,,,Unincorporated Vic,17.86,0,0,0,0
SMYTHES CREEK,6.0,1762.0,1.0,0.0,0.0,1.0,817.0,1.0817,6.0,64.0,225.0,139.0,121.0,557.0,1.1,68.1999969482422,42.4,0.0,0.0,2.0,3.0,,,Moyne,0.57,0,0,0,0
SMYTHESDALE,2.0,1189.0,1.0,0.0,0.0,1.0,717.0,1.1878,7.0,65.0,167.0,84.0,77.0,402.0,1.7,60.0999984741211,44.1,0.0,0.0,1.0,2.0,,,Moyne,0.84,1,1,1,0
SPRINGDALLAH,0.0,35.0,1.0,0.0,0.0,1.0,459.0,1.0556,0.0,0.0,5.0,0.0,6.0,14.0,0.0,48.2999992370606,40.0,0.0,0.0,0.0,0.0,,,Moyne,28.57,0,0,0,0
ST ANDREWS,0.0,1186.0,1.0,0.0,0.0,1.0,816.0,1.1167,5.0,69.0,137.0,92.0,94.0,391.0,1.3,61.0,44.8,0.0,0.0,0.0,0.0,,,Nillumbik,0.84,1,1,1,0
ST ARNAUD EAST,3.0,100.0,1.0,0.0,0.0,1.0,658.0,1.2273,0.0,4.0,16.0,8.0,5.0,33.0,0.0,48.0999984741211,46.0,0.0,0.0,0.0,0.0,,,Loddon,10.0,0,0,0,0
ST ARNAUD NORTH,1.0,43.0,1.0,0.0,0.0,1.0,700.0,1.1176,0.0,4.0,4.0,0.0,6.0,14.0,0.0,58.7999992370606,27.9,0.0,0.0,0.0,0.0,,,Loddon,23.26,0,0,0,0
ST GERMAINS,2.0,75.0,1.0,0.0,0.0,1.0,478.0,1.2059,0.0,5.0,8.0,6.0,5.0,21.0,0.0,62.2999992370606,46.7,0.0,0.0,0.0,0.0,,,Greater Shepparton,13.33,0,0,0,0
STAGHORN FLAT,2.0,368.0,1.0,0.0,0.0,1.0,890.0,0.9945,0.0,14.0,33.0,37.0,37.0,110.0,0.0,68.0,35.9,0.0,0.0,1.0,1.0,,,Albury,2.72,0,0,0,0
STEWARTON,4.0,118.0,1.0,0.0,0.0,1.0,1125.0,1.3137,0.0,6.0,15.0,9.0,8.0,33.0,0.0,65.9000015258789,28.0,0.0,0.0,0.0,0.0,,,Greater Shepparton,8.47,0,0,0,0
STONEHAVEN,3.0,79.0,1.0,0.0,0.0,1.0,1149.0,1.3529,0.0,0.0,11.0,4.0,5.0,23.0,0.0,68.3000030517578,32.9,0.0,0.0,0.0,0.0,,,Golden Plains,12.66,0,0,0,0
STRADBROKE,0.0,187.0,1.0,0.0,0.0,1.0,614.0,1.033,4.0,11.0,23.0,20.0,14.0,74.0,5.4,52.9000015258789,48.7,0.0,0.0,0.0,0.0,,,Wellington,5.35,0,0,0,0
STRATHDALE,0.0,5756.0,1.0,0.0,1.0,2.0,791.0,0.9339,101.0,863.0,952.0,263.0,144.0,2324.0,4.3,56.7000007629395,44.0,0.0,0.0,3.0,25.0,,,Greater Bendigo,0.35,1,0,0,0
STRATHTULLOH,40.0,3997.0,1.0,0.0,0.0,1.0,1000.0,1.0172,25.0,363.0,582.0,148.0,63.0,1171.0,2.1,75.0999984741211,15.6,0.0,0.0,1.0,4.0,,,Wyndham,0.25,1,1,1,0
STREATHAM,7.0,158.0,1.0,0.0,0.0,1.0,541.0,1.1081,0.0,13.0,23.0,15.0,4.0,56.0,0.0,45.9000015258789,34.2,0.0,0.0,1.0,2.0,,,Moyne,6.33,0,0,0,0
STUART MILL,8.0,78.0,1.0,0.0,0.0,1.0,543.0,1.0513,0.0,7.0,12.0,11.0,9.0,38.0,0.0,59.4000015258789,39.7,0.0,0.0,0.0,0.0,,,Loddon,12.82,0,0,0,0
SULKY,23.0,234.0,1.0,0.0,0.0,1.0,959.0,1.0598,0.0,11.0,27.0,19.0,20.0,80.0,0.0,74.1999969482422,46.2,0.0,0.0,1.0,9.0,,,Corangamite,4.27,0,0,0,0
SURF BEACH,10.0,670.0,1.0,0.0,0.0,1.0,759.0,1.0272,3.0,95.0,122.0,37.0,3.0,261.0,1.1,58.7999992370606,37.8,0.0,0.0,1.0,2.0,,,Bass Coast,1.49,0,0,0,0
SURREY HILLS,78.0,13655.0,1.0,0.0,3.0,4.0,1081.0,0.9108,233.0,1885.0,2092.0,526.0,248.0,4983.0,4.7,66.3000030517578,35.5,20.0,0.0,4.0,34.0,1.0,1.0,Boroondara,0.29,4,2,4,0
SUTTON GRANGE,6.0,160.0,1.0,0.0,0.0,1.0,716.0,0.9875,0.0,7.0,29.0,10.0,12.0,56.0,0.0,64.1999969482422,43.8,0.0,0.0,0.0,0.0,,,Mount Alexander,6.25,0,0,0,0
SWAN REACH,1.0,861.0,1.0,0.0,0.0,1.0,557.0,1.0719,10.0,101.0,140.0,50.0,27.0,324.0,3.1,46.0,42.4,0.0,0.0,2.0,5.0,,,East Gippsland,1.16,1,1,1,0
SWANPOOL,8.0,227.0,1.0,0.0,0.0,1.0,539.0,0.9914,0.0,17.0,41.0,23.0,13.0,95.0,0.0,51.9000015258789,44.9,0.0,0.0,0.0,0.0,,,Mansfield,4.41,0,0,0,0
SWIFTS CREEK,4.0,232.0,1.0,0.0,0.0,1.0,739.0,1.1524,3.0,33.0,27.0,15.0,13.0,94.0,3.2,61.5999984741211,42.2,0.0,0.0,1.0,1.0,,,East Gippsland,4.31,1,1,0,0
TAGGERTY,13.0,405.0,1.0,0.0,0.0,1.0,579.0,1.0199,4.0,36.0,65.0,20.0,27.0,152.0,2.6,52.7999992370606,44.0,0.0,0.0,1.0,2.0,,,Murrindindi,2.47,0,0,0,0
TALBOT,9.0,452.0,1.0,0.0,0.0,1.0,471.0,1.0935,14.0,65.0,75.0,37.0,22.0,211.0,6.6,40.9000015258789,42.0,0.0,1.0,1.0,1.0,,,Hepburn,2.21,1,1,1,0
TALLANDOON,8.0,92.0,1.0,0.0,0.0,1.0,682.0,0.84,0.0,8.0,11.0,0.0,9.0,31.0,0.0,56.4000015258789,31.5,0.0,0.0,0.0,0.0,,,East Gippsland,10.87,0,0,0,0
TALLANGATTA,6.0,1175.0,1.0,0.0,0.0,1.0,637.0,0.9983,17.0,157.0,165.0,73.0,36.0,451.0,3.8,50.7999992370606,41.6,0.0,0.0,0.0,0.0,,,Towong,0.85,3,2,2,1
TALLANGATTA SOUTH,3.0,142.0,1.0,0.0,0.0,1.0,900.0,1.0758,0.0,6.0,17.0,14.0,10.0,49.0,0.0,72.3000030517578,47.9,0.0,0.0,0.0,0.0,,,East Gippsland,7.04,0,0,0,0
TALLAROOK,51.0,748.0,1.0,0.0,0.0,1.0,808.0,1.0546,9.0,57.0,97.0,65.0,61.0,282.0,3.2,62.2999992370606,47.5,0.0,1.0,0.0,0.0,,,Mitchell,1.34,1,1,1,0
TANWOOD,1.0,15.0,1.0,0.0,0.0,1.0,450.0,0.8,0.0,0.0,6.0,0.0,6.0,8.0,0.0,86.6999969482422,80.0,0.0,0.0,0.0,0.0,,,Buloke,66.67,0,0,0,0
TARADALE,0.0,524.0,1.0,0.0,0.0,1.0,704.0,1.0508,3.0,42.0,96.0,43.0,25.0,203.0,1.5,55.7999992370606,45.2,0.0,0.0,1.0,3.0,,,Hepburn,1.91,1,1,1,0
TARRAWINGEE,4.0,416.0,1.0,0.0,0.0,1.0,725.0,1.0048,0.0,26.0,63.0,33.0,27.0,148.0,0.0,64.1999969482422,39.4,0.0,0.0,0.0,0.0,,,Moira,2.4,0,0,0,0
TARWIN LOWER,11.0,462.0,1.0,0.0,0.0,1.0,716.0,1.0676,3.0,47.0,75.0,38.0,29.0,189.0,1.6,57.7000007629395,48.3,0.0,0.0,0.0,0.0,,,South Gippsland,2.16,1,1,1,0
TAWONGA SOUTH,1.0,1012.0,1.0,0.0,0.0,1.0,726.0,1.072,9.0,124.0,198.0,53.0,26.0,409.0,2.2,55.7000007629395,44.0,0.0,0.0,1.0,1.0,,,Alpine,0.99,0,0,0,0
TEAL POINT,0.0,54.0,1.0,0.0,0.0,1.0,675.0,0.9655,0.0,3.0,9.0,4.0,3.0,19.0,0.0,73.1999969482422,42.6,0.0,0.0,0.0,0.0,,,Swan Hill,18.52,0,0,0,0
TEDDYWADDY,0.0,23.0,1.0,0.0,0.0,1.0,725.0,0.6667,0.0,0.0,0.0,3.0,6.0,8.0,0.0,68.4000015258789,30.4,0.0,0.0,1.0,2.0,,,Loddon,43.48,0,0,0,0
TERANG,29.0,2254.0,1.0,0.0,0.0,1.0,651.0,0.9415,48.0,320.0,308.0,140.0,88.0,899.0,5.3,54.5999984741211,40.1,0.0,1.0,1.0,1.0,,,Moyne,0.44,2,1,1,0
THE BASIN,76.0,4497.0,1.0,0.0,0.0,1.0,814.0,0.9625,42.0,357.0,714.0,249.0,162.0,1523.0,2.8,66.4000015258789,43.3,0.0,0.0,1.0,15.0,,,Knox,0.22,3,1,2,0
THE GURDIES,0.0,243.0,1.0,0.0,0.0,1.0,564.0,1.0504,0.0,34.0,42.0,21.0,14.0,109.0,0.0,49.2999992370606,53.1,0.0,0.0,1.0,3.0,,,South Gippsland,4.12,0,0,0,0
TIMBOON,10.0,1250.0,1.0,0.0,0.0,1.0,687.0,1.0194,16.0,139.0,188.0,72.0,53.0,472.0,3.4,58.2000007629395,43.3,0.0,0.0,0.0,0.0,,,Moyne,0.8,1,1,0,0
TOLMIE,25.0,547.0,1.0,0.0,0.0,1.0,651.0,1.0558,0.0,51.0,91.0,41.0,29.0,209.0,0.0,53.0,42.4,0.0,0.0,0.0,0.0,,,Murrindindi,1.83,0,0,0,0
TOOAN,3.0,23.0,1.0,0.0,0.0,1.0,1166.0,0.5833,0.0,0.0,0.0,7.0,4.0,12.0,0.0,90.0,52.2,0.0,0.0,0.0,0.0,,,Northern Grampians,43.48,0,0,0,0
TOOBORAC,22.0,319.0,1.0,0.0,0.0,1.0,614.0,1.106,5.0,22.0,44.0,24.0,25.0,114.0,4.4,56.5,38.9,0.0,0.0,1.0,2.0,,,Mitchell,3.13,0,0,0,0
TOORADIN,47.0,1722.0,1.0,0.0,0.0,1.0,784.0,1.1182,9.0,92.0,209.0,124.0,102.0,532.0,1.7,64.4000015258789,39.0,0.0,0.0,2.0,8.0,,,Cardinia,0.58,1,1,1,0
TORRUMBARRY,10.0,257.0,1.0,0.0,0.0,1.0,816.0,1.2368,4.0,10.0,38.0,23.0,11.0,90.0,4.4,58.7000007629395,34.6,0.0,0.0,1.0,1.0,,,Campaspe,3.89,0,0,0,0
TOSTAREE,1.0,23.0,1.0,0.0,0.0,1.0,587.0,1.0,0.0,0.0,3.0,0.0,0.0,9.0,0.0,68.4000015258789,65.2,0.0,0.0,1.0,1.0,,,East Gippsland,43.48,0,0,0,0
TOWONG,4.0,143.0,1.0,0.0,0.0,1.0,690.0,1.4138,0.0,11.0,25.0,15.0,7.0,60.0,0.0,56.5,44.1,0.0,0.0,0.0,0.0,,,East Gippsland,6.99,0,0,0,0
TOWONG UPPER,1.0,37.0,1.0,0.0,0.0,1.0,1031.0,0.5769,0.0,3.0,3.0,4.0,0.0,12.0,0.0,64.3000030517578,45.9,0.0,0.0,0.0,0.0,,,East Gippsland,27.03,0,0,0,0
TRAFALGAR SOUTH,67.0,305.0,1.0,0.0,0.0,1.0,856.0,1.0,0.0,25.0,43.0,26.0,24.0,110.0,0.0,63.0999984741211,34.1,0.0,0.0,0.0,0.0,,,Latrobe (Vic.),3.28,0,0,0,0
TRARALGON EAST,7.0,1780.0,1.0,0.0,0.0,1.0,915.0,1.0124,6.0,87.0,272.0,149.0,110.0,614.0,1.0,66.0,39.4,0.0,0.0,4.0,12.0,,,Wellington,0.56,0,0,0,0
TRARALGON SOUTH,6.0,553.0,1.0,0.0,0.0,1.0,740.0,0.9964,0.0,21.0,73.0,46.0,27.0,170.0,0.0,70.3000030517578,41.4,0.0,0.0,1.0,2.0,,,Wellington,1.81,1,1,1,0
TRENTHAM,14.0,1382.0,1.0,0.0,0.0,1.0,723.0,1.0131,11.0,186.0,229.0,69.0,54.0,548.0,2.0,49.4000015258789,46.6,0.0,0.0,2.0,1.0,,,Macedon Ranges,0.72,1,1,1,0
TREWALLA,0.0,,1.0,0.0,0.0,1.0,,,,,,,,,,,,0.0,0.0,0.0,0.0,,,,,0,0,0,0
TYNONG,3.0,523.0,1.0,0.0,0.0,1.0,776.0,0.9773,7.0,23.0,68.0,32.0,33.0,166.0,4.2,64.1999969482422,40.3,0.0,1.0,0.0,0.0,,,Cardinia,1.91,1,0,0,0
TYNONG NORTH,16.0,440.0,1.0,0.0,0.0,1.0,775.0,1.023,0.0,27.0,42.0,36.0,32.0,140.0,0.0,62.9000015258789,42.3,0.0,0.0,0.0,0.0,,,Cardinia,2.27,0,0,0,0
TYRENDARRA,6.0,198.0,1.0,0.0,0.0,1.0,911.0,1.25,0.0,15.0,25.0,18.0,16.0,80.0,0.0,72.9000015258789,39.9,0.0,0.0,1.0,2.0,,,Moyne,5.05,0,0,0,0
UNDERA,15.0,450.0,1.0,0.0,0.0,1.0,683.0,1.036,0.0,25.0,44.0,37.0,33.0,134.0,0.0,62.0,38.4,0.0,0.0,0.0,0.0,,,Greater Shepparton,2.22,1,1,1,0
UNDERBOOL,2.0,215.0,1.0,0.0,0.0,1.0,747.0,1.0183,3.0,21.0,35.0,18.0,14.0,91.0,3.3,58.0,46.5,0.0,0.0,1.0,1.0,,,Mildura,4.65,1,1,1,0
UPWEY,23.0,6818.0,1.0,0.0,0.0,1.0,895.0,1.0009,55.0,582.0,1117.0,397.0,237.0,2395.0,2.3,70.5,46.0,0.0,0.0,2.0,32.0,1.0,1.0,Yarra Ranges,0.15,3,3,2,1
VINIFERA,6.0,163.0,1.0,0.0,0.0,1.0,725.0,1.2703,0.0,5.0,28.0,6.0,14.0,62.0,0.0,67.9000015258789,51.5,0.0,0.0,0.0,0.0,,,Swan Hill,6.13,0,0,0,0
VIOLET TOWN,26.0,936.0,1.0,0.0,0.0,1.0,549.0,0.9051,18.0,150.0,136.0,61.0,31.0,395.0,4.6,44.0,44.1,0.0,1.0,0.0,0.0,,,Mansfield,1.07,1,1,1,0
WAGANT,0.0,,1.0,0.0,0.0,1.0,,,,,,,,,,,,0.0,0.0,0.0,0.0,,,,,0,0,0,0
WAHRING,17.0,88.0,1.0,0.0,0.0,1.0,812.0,1.0233,0.0,9.0,16.0,3.0,5.0,36.0,0.0,65.9000015258789,34.1,0.0,0.0,0.0,0.0,,,Greater Shepparton,11.36,0,0,0,0
WAIL,3.0,44.0,1.0,0.0,0.0,1.0,724.0,0.7692,0.0,4.0,3.0,7.0,0.0,18.0,0.0,59.5,52.3,0.0,0.0,0.0,0.0,,,Northern Grampians,22.73,0,0,0,0
WALDARA,0.0,677.0,1.0,1.0,0.0,2.0,1014.0,1.1125,0.0,25.0,109.0,50.0,33.0,227.0,0.0,67.5999984741211,41.1,0.0,0.0,0.0,0.0,,,Moira,2.95,0,0,0,0
WALPEUP,1.0,171.0,1.0,0.0,0.0,1.0,575.0,1.0114,0.0,27.0,19.0,14.0,6.0,64.0,0.0,38.5999984741211,40.4,0.0,0.0,1.0,1.0,,,Mildura,5.85,0,0,0,0
WANALTA,2.0,,1.0,0.0,0.0,1.0,,,,,,,,,,,,0.0,0.0,0.0,0.0,,,Strathbogie,,0,0,0,0
WANGARATTA SOUTH,24.0,550.0,1.0,0.0,0.0,1.0,780.0,1.0073,0.0,24.0,84.0,45.0,44.0,193.0,0.0,60.2999992370606,50.2,0.0,0.0,0.0,0.0,,,Moira,1.82,0,0,0,0
WANNON,1.0,124.0,1.0,0.0,0.0,1.0,758.0,1.0,0.0,5.0,24.0,4.0,9.0,37.0,0.0,58.2000007629395,42.7,0.0,0.0,0.0,0.0,,,Glenelg,8.06,0,0,0,0
WARGAN,0.0,53.0,1.0,0.0,0.0,1.0,575.0,1.0417,0.0,4.0,3.0,9.0,7.0,18.0,0.0,61.2000007629395,26.4,0.0,0.0,0.0,0.0,,,Mildura,18.87,0,0,0,0
WARNE,0.0,13.0,1.0,0.0,0.0,1.0,1824.0,3.3333,0.0,0.0,0.0,0.0,0.0,0.0,,100.0,100.0,0.0,0.0,0.0,0.0,,,Buloke,76.92,0,0,0,0
WARNEET,9.0,565.0,1.0,0.0,0.0,1.0,828.0,1.1439,0.0,54.0,95.0,45.0,29.0,221.0,0.0,66.4000015258789,48.1,0.0,0.0,1.0,7.0,,,Cardinia,1.77,0,0,0,0
WARRAGUL SOUTH,40.0,280.0,1.0,0.0,0.0,1.0,841.0,0.9236,0.0,11.0,31.0,33.0,11.0,81.0,0.0,66.6999969482422,40.4,0.0,0.0,0.0,0.0,,,Baw Baw,3.57,0,0,0,0
WARRANDYTE,20.0,5541.0,1.0,0.0,0.0,1.0,931.0,0.9846,20.0,319.0,765.0,381.0,303.0,1789.0,1.1,66.1999969482422,38.8,0.0,0.0,4.0,48.0,,,Nillumbik,0.18,3,3,2,1
WARRAYURE,2.0,50.0,1.0,0.0,0.0,1.0,487.0,1.2609,0.0,3.0,0.0,5.0,5.0,17.0,0.0,71.4000015258789,32.0,0.0,0.0,0.0,0.0,,,Glenelg,20.0,0,0,0,0
WATERWAYS,23.0,2422.0,1.0,0.0,0.0,1.0,960.0,1.02,6.0,110.0,343.0,177.0,73.0,706.0,0.8,72.0999984741211,19.8,0.0,0.0,2.0,5.0,,,Kingston (Vic.),0.41,0,0,0,0
WATSONS CREEK,2.0,58.0,1.0,0.0,0.0,1.0,1562.0,1.3462,0.0,5.0,10.0,3.0,6.0,16.0,0.0,71.6999969482422,56.9,0.0,0.0,0.0,0.0,,,Nillumbik,17.24,0,0,0,0
WATTLE BANK,0.0,250.0,1.0,0.0,0.0,1.0,807.0,1.0732,0.0,8.0,32.0,20.0,16.0,79.0,0.0,65.0999984741211,40.8,0.0,0.0,0.0,0.0,,,Bass Coast,4.0,0,0,0,0
WAYGARA,0.0,20.0,1.0,0.0,0.0,1.0,687.0,2.0,0.0,0.0,0.0,0.0,0.0,4.0,0.0,76.9000015258789,70.0,0.0,0.0,1.0,1.0,,,East Gippsland,50.0,0,0,0,0
WEDDERBURN,13.0,951.0,1.0,1.0,0.0,2.0,474.0,1.0085,16.0,146.0,150.0,66.0,35.0,408.0,3.9,39.0999984741211,40.3,0.0,0.0,1.0,1.0,,,Buloke,2.1,1,1,0,0
WEE WEE RUP,0.0,31.0,1.0,0.0,0.0,1.0,1089.0,1.0625,0.0,7.0,3.0,0.0,0.0,17.0,0.0,63.0,45.2,0.0,0.0,0.0,0.0,,,Gannawarra,32.26,0,0,0,0
WEERING,0.0,62.0,1.0,0.0,0.0,1.0,700.0,1.6818,0.0,4.0,10.0,3.0,5.0,21.0,0.0,64.1999969482422,21.0,0.0,0.0,0.0,0.0,,,Corangamite,16.13,0,0,0,0
WELSHPOOL,8.0,361.0,1.0,0.0,0.0,1.0,549.0,1.0506,0.0,40.0,54.0,20.0,16.0,138.0,0.0,52.0999984741211,38.0,0.0,0.0,1.0,2.0,,,Wellington,2.77,1,1,1,0
WENDOUREE,89.0,10376.0,1.0,0.0,0.0,1.0,571.0,0.931,465.0,2022.0,1328.0,391.0,159.0,4364.0,10.7,46.0,41.4,0.0,1.0,5.0,90.0,,,Ballarat,0.1,6,4,3,1
WESBURN,35.0,1052.0,1.0,0.0,0.0,1.0,714.0,1.0096,3.0,79.0,122.0,84.0,67.0,353.0,0.8,60.4000015258789,45.2,0.0,0.0,1.0,10.0,,,Yarra Ranges,0.95,1,1,1,0
WEST GATE FREEWAY ALTONA NORTH,0.0,,,,,,,,,,,,,,,,,0.0,0.0,0.0,0.0,,,,,0,0,0,0
WEST MELBOURNE,1034.0,8025.0,1.0,0.0,5.0,6.0,1058.0,1.0425,1383.0,1943.0,401.0,55.0,19.0,3799.0,36.4,75.5,21.2,67.0,1.0,4.0,33.0,1.0,1.0,Melbourne,0.75,1,0,0,1
WEST WODONGA,8.0,14794.0,1.0,0.0,0.0,1.0,757.0,0.9308,236.0,1948.0,2210.0,699.0,400.0,5493.0,4.3,60.5,40.6,0.0,0.0,2.0,21.0,,,Wodonga,0.07,2,2,1,0
WESTBY,0.0,27.0,1.0,0.0,0.0,1.0,624.0,1.1667,0.0,0.0,4.0,0.0,0.0,4.0,0.0,57.0999984741211,25.9,0.0,0.0,0.0,0.0,,,Swan Hill,37.04,0,0,0,0
WESTGARTH,0.0,,1.0,0.0,0.0,1.0,,,,,,,,,,,,0.0,0.0,0.0,0.0,,,,,0,0,0,0
WESTMERE,1.0,62.0,1.0,0.0,0.0,1.0,1125.0,1.8636,0.0,0.0,11.0,0.0,0.0,19.0,0.0,56.9000015258789,35.5,0.0,0.0,1.0,2.0,,,Moyne,16.13,0,0,0,0
WHARPARILLA,8.0,483.0,1.0,0.0,0.0,1.0,790.0,1.1217,0.0,22.0,56.0,49.0,31.0,152.0,0.0,65.3000030517578,41.4,0.0,0.0,0.0,0.0,,,Campaspe,2.07,0,0,0,0
WHOROULY,3.0,383.0,1.0,0.0,0.0,1.0,821.0,1.0649,0.0,44.0,47.0,35.0,29.0,149.0,0.0,67.3000030517578,31.3,0.0,0.0,0.0,0.0,,,Wangaratta,2.61,1,1,1,0
WICKLIFFE,3.0,123.0,1.0,0.0,0.0,1.0,630.0,0.9692,0.0,18.0,23.0,5.0,12.0,58.0,0.0,56.5999984741211,40.7,0.0,0.0,1.0,2.0,,,Moyne,8.13,0,0,0,0
WILLIAMSTOWN NORTH,0.0,1622.0,1.0,0.0,0.0,1.0,963.0,1.0614,85.0,252.0,240.0,48.0,27.0,647.0,13.1,66.5999984741211,35.0,0.0,0.0,1.0,6.0,,,Hobsons Bay,0.62,0,0,0,0
WILLOW GROVE,28.0,654.0,1.0,0.0,0.0,1.0,832.0,1.1275,0.0,47.0,89.0,39.0,46.0,224.0,0.0,61.2000007629395,45.1,0.0,0.0,0.0,0.0,,,Wellington,1.53,1,1,1,0
WINDERMERE,11.0,96.0,1.0,0.0,0.0,1.0,987.0,1.3171,0.0,6.0,10.0,0.0,14.0,35.0,0.0,69.3000030517578,43.8,0.0,0.0,1.0,1.0,,,Corangamite,10.42,0,0,0,0
WINGEEL,2.0,26.0,1.0,0.0,0.0,1.0,1109.0,0.6,0.0,0.0,3.0,7.0,0.0,10.0,0.0,94.6999969482422,34.6,0.0,0.0,0.0,0.0,,,Colac Otway,38.46,0,0,0,0
WINNINDOO,3.0,127.0,1.0,0.0,0.0,1.0,831.0,0.8358,0.0,3.0,12.0,11.0,12.0,34.0,0.0,68.4000015258789,37.0,0.0,0.0,0.0,0.0,,,Mansfield,7.87,0,0,0,0
WINTER VALLEY,49.0,3440.0,1.0,2.0,0.0,3.0,921.0,0.9348,6.0,301.0,582.0,184.0,87.0,1168.0,0.5,76.4000015258789,39.9,0.0,0.0,1.0,6.0,,,Ballarat,0.87,0,0,0,0
WINTON NORTH,12.0,8.0,1.0,0.0,0.0,1.0,724.0,1.3333,0.0,0.0,0.0,0.0,0.0,5.0,0.0,80.0,62.5,0.0,0.0,0.0,0.0,,,Mansfield,125.0,0,0,0,0
WISELEIGH,0.0,177.0,1.0,0.0,0.0,1.0,619.0,1.0227,0.0,18.0,26.0,11.0,11.0,65.0,0.0,56.4000015258789,52.0,0.0,0.0,0.0,0.0,,,East Gippsland,5.65,0,0,0,0
WODONGA WEST,0.0,,1.0,0.0,0.0,1.0,,,,,,,,,,,,0.0,0.0,0.0,0.0,,,,,1,0,1,0
WONGARRA,7.0,47.0,1.0,0.0,0.0,1.0,525.0,0.84,0.0,5.0,14.0,0.0,4.0,20.0,0.0,43.2000007629395,51.1,0.0,0.0,0.0,0.0,,,Greater Geelong,21.28,0,0,0,0
WONWONDAH NORTH,0.0,,1.0,0.0,0.0,1.0,,,,,,,,,,,,0.0,0.0,0.0,0.0,,,,,0,0,0,0
WOOD WOOD,1.0,91.0,1.0,0.0,0.0,1.0,545.0,0.8302,0.0,5.0,7.0,6.0,5.0,33.0,0.0,49.4000015258789,35.2,0.0,0.0,1.0,2.0,,,Swan Hill,10.99,0,0,0,0
WOODEND,48.0,6732.0,1.0,0.0,0.0,1.0,857.0,0.9496,70.0,798.0,997.0,363.0,195.0,2430.0,2.9,60.5999984741211,43.9,0.0,1.0,1.0,1.0,,,Moorabool,0.15,3,1,2,0
WOODEND NORTH,0.0,315.0,1.0,0.0,0.0,1.0,904.0,0.875,0.0,11.0,46.0,15.0,23.0,100.0,0.0,63.2999992370606,37.8,0.0,0.0,0.0,0.0,,,Moorabool,3.17,0,0,0,0
WOODFIELD,10.0,62.0,1.0,0.0,0.0,1.0,860.0,1.2692,0.0,4.0,12.0,5.0,5.0,18.0,0.0,58.2000007629395,38.7,0.0,0.0,1.0,2.0,,,Murrindindi,16.13,0,0,0,0
WOORINEN NORTH,3.0,94.0,1.0,0.0,0.0,1.0,813.0,1.3023,0.0,10.0,13.0,5.0,9.0,36.0,0.0,63.2999992370606,30.9,0.0,0.0,0.0,0.0,,,Swan Hill,10.64,0,0,0,0
WOORINEN SOUTH,0.0,404.0,1.0,0.0,0.0,1.0,592.0,1.0653,0.0,31.0,58.0,30.0,17.0,142.0,0.0,55.7000007629395,38.9,0.0,0.0,0.0,0.0,,,Swan Hill,2.48,1,1,1,0
WOOSANG,0.0,12.0,1.0,0.0,0.0,1.0,425.0,0.7778,0.0,0.0,0.0,0.0,0.0,3.0,0.0,42.9000015258789,50.0,0.0,0.0,0.0,0.0,,,Buloke,83.33,0,0,0,0
WYCHEPROOF,3.0,610.0,1.0,1.0,0.0,2.0,614.0,1.0131,14.0,96.0,92.0,41.0,16.0,262.0,5.3,45.5999984741211,37.9,0.0,0.0,1.0,2.0,,,Loddon,3.28,1,1,0,0
WYCHEPROOF SOUTH,0.0,6.0,1.0,0.0,0.0,1.0,687.0,1.4,0.0,0.0,0.0,0.0,0.0,3.0,0.0,62.5,83.3,0.0,0.0,0.0,0.0,,,Loddon,166.67,0,0,0,0
WYUNA,6.0,278.0,1.0,0.0,0.0,1.0,808.0,1.0,0.0,16.0,38.0,18.0,24.0,98.0,0.0,68.3000030517578,38.1,0.0,0.0,0.0,0.0,,,Greater Shepparton,3.6,0,0,0,0
YALLOURN NORTH,38.0,1511.0,1.0,0.0,0.0,1.0,659.0,0.996,21.0,182.0,199.0,111.0,66.0,576.0,3.6,57.9000015258789,38.6,0.0,0.0,1.0,14.0,,,Wellington,0.66,1,1,1,0
YANAKIE,3.0,283.0,1.0,0.0,0.0,1.0,708.0,1.0803,4.0,25.0,40.0,25.0,13.0,104.0,3.8,59.7000007629395,39.9,0.0,0.0,0.0,0.0,,,South Gippsland,3.53,0,0,0,0
YARCK,5.0,194.0,1.0,0.0,0.0,1.0,638.0,0.9785,0.0,23.0,30.0,14.0,12.0,75.0,0.0,61.9000015258789,42.8,0.0,0.0,1.0,2.0,,,Murrindindi,5.15,0,0,0,0
YARRABERB,0.0,17.0,1.0,0.0,0.0,1.0,850.0,2.0,0.0,0.0,0.0,0.0,0.0,8.0,0.0,62.5,58.8,0.0,0.0,0.0,0.0,,,Greater Bendigo,58.82,0,0,0,0
YARRAGON,4.0,1893.0,1.0,1.0,0.0,2.0,712.0,0.9916,20.0,231.0,303.0,109.0,76.0,739.0,2.7,58.5999984741211,45.2,0.0,1.0,0.0,0.0,,,Baw Baw,1.06,1,1,1,0
YATPOOL,0.0,,1.0,0.0,0.0,1.0,,,,,,,,,,,,0.0,0.0,0.0,0.0,,,,,0,0,0,0
YEA,7.0,1789.0,1.0,0.0,0.0,1.0,580.0,0.9616,31.0,271.0,282.0,101.0,68.0,749.0,4.1,48.2999992370606,46.7,0.0,0.0,1.0,1.0,,,Mitchell,0.56,3,2,2,1
YELTA,2.0,325.0,1.0,0.0,0.0,1.0,658.0,1.0314,0.0,16.0,47.0,26.0,18.0,106.0,0.0,59.4000015258789,40.0,0.0,0.0,0.0,0.0,,,Mildura,3.08,0,0,0,0
YEODENE,7.0,107.0,1.0,0.0,0.0,1.0,812.0,1.2553,0.0,10.0,14.0,7.0,10.0,38.0,0.0,72.1999969482422,40.2,0.0,0.0,0.0,0.0,,,Corangamite,9.35,0,0,0,0
YIELIMA,2.0,93.0,1.0,1.0,0.0,2.0,560.0,0.9583,0.0,3.0,10.0,10.0,6.0,29.0,0.0,63.7999992370606,47.3,0.0,0.0,0.0,0.0,,,Moira,21.51,0,0,0,0
YULECART,0.0,128.0,1.0,0.0,0.0,1.0,890.0,0.8971,0.0,8.0,14.0,13.0,17.0,49.0,0.0,82.6999969482422,42.2,0.0,0.0,0.0,0.0,,,Glenelg,7.81,0,0,0,0
YUROKE,5.0,123.0,1.0,0.0,0.0,1.0,612.0,0.8788,0.0,7.0,14.0,7.0,10.0,44.0,0.0,51.7000007629395,34.1,0.0,0.0,0.0,0.0,,,Hume,8.13,0,0,0,0
ZEERUST,1.0,147.0,1.0,0.0,0.0,1.0,841.0,1.2,0.0,5.0,17.0,14.0,13.0,45.0,0.0,72.9000015258789,40.1,0.0,0.0,0.0,0.0,,,Moira,6.8,1,1,1,0
ATTWOOD,51.0,3309.0,1.0,1.0,0.0,2.0,824.0,0.9785,27.0,224.0,470.0,228.0,151.0,1100.0,2.5,69.5999984741211,22.2,0.0,0.0,1.0,5.0,,,Hume,0.6,0,0,0,0
BAYSWATER,167.0,12262.0,0.0,0.0,2.0,2.0,785.0,0.9641,275.0,1930.0,1811.0,536.0,223.0,4777.0,5.8,63.0,29.9,0.0,0.0,6.0,62.0,1.0,1.0,Maroondah,0.16,5,4,4,1
BURNSIDE HEIGHTS,0.0,6377.0,1.0,0.0,0.0,1.0,803.0,0.9712,28.0,361.0,866.0,303.0,145.0,1703.0,1.6,70.5999984741211,12.3,0.0,0.0,3.0,14.0,,,Brimbank,0.16,1,1,1,0
BURWOOD EAST,24.0,10675.0,0.0,0.0,1.0,1.0,676.0,0.9652,277.0,1557.0,1552.0,390.0,196.0,3970.0,7.0,57.7999992370606,30.4,4.0,0.0,7.0,51.0,,,Whitehorse,0.09,5,5,2,1
CORONET BAY,0.0,1108.0,,,,,,,,,,,,,,,,0.0,0.0,0.0,0.0,,,South Gippsland,,0,0,0,0
EVERTON UPPER,1.0,154.0,1.0,0.0,0.0,1.0,762.0,1.1806,0.0,6.0,17.0,15.0,14.0,50.0,0.0,61.9000015258789,37.0,0.0,0.0,0.0,0.0,,,Moira,6.49,0,0,0,0
HARKNESS,64.0,12463.0,1.0,0.0,0.0,1.0,789.0,0.9478,92.0,1143.0,1677.0,525.0,285.0,3716.0,2.5,64.8000030517578,24.2,0.0,0.0,2.0,33.0,,,Macedon Ranges,0.08,1,1,1,0
NANGANA,0.0,54.0,1.0,0.0,0.0,1.0,725.0,1.0385,0.0,5.0,3.0,8.0,7.0,17.0,0.0,60.5,55.6,0.0,0.0,0.0,0.0,,,Cardinia,18.52,0,0,0,0
NATIMUK,3.0,548.0,,,,,,,,,,,,,,,,0.0,0.0,0.0,0.0,,,West Wimmera,,1,1,1,0
PRINCES FREEWAY POINT COOK,0.0,,,,,,,,,,,,,,,,,0.0,0.0,0.0,0.0,,,,,0,0,0,0
PRINCES FREEWAY WILLIAMS LANDING,0.0,,,,,,,,,,,,,,,,,0.0,0.0,0.0,0.0,,,,,0,0,0,0
VERMONT,28.0,10993.0,1.0,0.0,1.0,2.0,797.0,0.9587,119.0,1235.0,1793.0,429.0,198.0,3779.0,3.1,63.0999984741211,25.7,0.0,0.0,5.0,50.0,,,Maroondah,0.18,4,2,3,1
WESTERN RING ROAD DEER PARK,0.0,,0.0,0.0,1.0,1.0,,,,,,,,,,,,0.0,0.0,0.0,0.0,,,,,0,0,0,0
WESTERN RING ROAD KEILOR EAST,0.0,,0.0,0.0,1.0,1.0,,,,,,,,,,,,0.0,0.0,0.0,0.0,,,,,0,0,0,0
YELLINGBO,20.0,582.0,1.0,0.0,0.0,1.0,773.0,1.0171,5.0,24.0,59.0,45.0,58.0,182.0,2.7,66.0999984741211,47.6,0.0,0.0,0.0,0.0,,,Cardinia,1.72,0,0,0,0
2026-05-28 15:13:49,,,,,,,,,,,,,,,,,,,,,,,,,,0,0,0,0
